map_row_id,vendor,vendor_sku,cw_sku,cw_charge_name,mapping_method,valid_from,valid_to,is_current,months_observed,observed_month_count,has_month_gap,data_window_start,data_window_end,seed_generated_on
S2S-00001,Acronis,SBATFNLOS,SBATFNLOS,Acronis Advanced Security Awareness Training,master_sku_sheet,2026-01-01,2026-05-31,FALSE,2026-01;2026-02;2026-03;2026-04;2026-05,5,FALSE,2026-01,2026-06,2026-07-15
S2S-00002,Acronis,SEDAMSENS,SEDAMSENS,Acronis Advanced DR-Hosted Public IP address,master_sku_sheet,2026-01-01,9999-12-31,TRUE,2026-01;2026-02;2026-03;2026-04;2026-05;2026-06,6,FALSE,2026-01,2026-06,2026-07-15
S2S-00003,Acronis,SO4AMSENS,SO4AMSENS,Acronis Advanced Email Security (Perception Point),master_sku_sheet,2026-01-01,9999-12-31,TRUE,2026-01;2026-02;2026-03;2026-04;2026-05;2026-06,6,FALSE,2026-01,2026-06,2026-07-15
S2S-00004,Acronis,SO6AMSENS,APP-SA-SO6AMSENS,APP-Acronis Cyber Protect Cloud Advanced Collaboration Apps Security (Perception Point),data_tab_cms_sku,2026-03-01,2026-05-31,FALSE,2026-03;2026-04;2026-05,3,FALSE,2026-01,2026-06,2026-07-15
S2S-00005,Acronis,SP1AMSENS,SP1AMSENS,Acronis Files Sync&Share-GB-Hosted Strg per GB-G1,master_sku_sheet,2026-01-01,9999-12-31,TRUE,2026-01;2026-02;2026-03;2026-04;2026-05;2026-06,6,FALSE,2026-01,2026-06,2026-07-15
S2S-00006,Acronis,SP3AMSENS,SP3AMSENS,Acronis Backup - GB - Google Hosted Storage (per GB),master_sku_sheet,2026-01-01,2026-03-31,FALSE,2026-01;2026-02;2026-03,3,FALSE,2026-01,2026-06,2026-07-15
S2S-00007,Acronis,SP4BMSENS,SP4BMSENS,Acronis Backup-GB-Customer Storage (per GB),master_sku_sheet,2026-01-01,9999-12-31,TRUE,2026-01;2026-02;2026-03;2026-04;2026-05;2026-06,6,FALSE,2026-01,2026-06,2026-07-15
S2S-00008,Acronis,SP5AMSENS,SP5AMSENS,Acronis Backup-Geo-redundant-GB/WL-Acronis Hosted Storage,master_sku_sheet,2026-01-01,2026-05-31,FALSE,2026-01;2026-02;2026-03;2026-04;2026-05,5,FALSE,2026-01,2026-06,2026-07-15
S2S-00009,Acronis,SPBAMSENS,SPBAMSENS,Acronis Cyber Protect Cloud - Acronis Hosted Storage (per GB),master_sku_sheet,2026-01-01,9999-12-31,TRUE,2026-01;2026-02;2026-03;2026-04;2026-05;2026-06,6,FALSE,2026-01,2026-06,2026-07-15
S2S-00010,Acronis,SPBBMSENS,APP-BC-SPBBMSENS,,data_tab_cms_sku,2026-01-01,2026-05-31,FALSE,2026-01;2026-02;2026-03;2026-04;2026-05,5,FALSE,2026-01,2026-06,2026-07-15
S2S-00011,Acronis,SPD5MSENS,SPD5MSENS,Acronis Cyber Protect Cloud - NAS,master_sku_sheet,2026-01-01,9999-12-31,TRUE,2026-01;2026-02;2026-03;2026-04;2026-05;2026-06,6,FALSE,2026-01,2026-06,2026-07-15
S2S-00012,Acronis,SPDAMSENS,SPDAMSENS,Acronis Backup - WL - Acronis Hosted Storage for per Workload model (per GB),master_sku_sheet,2026-01-01,9999-12-31,TRUE,2026-01;2026-02;2026-03;2026-04;2026-05;2026-06,6,FALSE,2026-01,2026-06,2026-07-15
S2S-00013,Acronis,SPDCMSENS,SPDCMSENS,,data_tab_self_match,2026-01-01,2026-05-31,FALSE,2026-01;2026-02;2026-03;2026-04;2026-05,5,FALSE,2026-01,2026-06,2026-07-15
S2S-00014,Acronis,SPEAMSENS,SPEAMSENS,Acronis Cyber Protect Cloud - Server,master_sku_sheet,2026-01-01,9999-12-31,TRUE,2026-01;2026-02;2026-03;2026-04;2026-05;2026-06,6,FALSE,2026-01,2026-06,2026-07-15
S2S-00015,Acronis,SPFAMSENS,SPFAMSENS,Acronis Cyber Protect Cloud - VM,master_sku_sheet,2026-01-01,9999-12-31,TRUE,2026-01;2026-02;2026-03;2026-04;2026-05;2026-06,6,FALSE,2026-01,2026-06,2026-07-15
S2S-00016,Acronis,SPGAMSENS,SPGAMSENS,Acronis Cyber Protect Cloud - Workstation,master_sku_sheet,2026-01-01,9999-12-31,TRUE,2026-01;2026-02;2026-03;2026-04;2026-05;2026-06,6,FALSE,2026-01,2026-06,2026-07-15
S2S-00017,Acronis,SPIAMSENS,SPIAMSENS,"Acronis Files Cloud, Per User",master_sku_sheet,2026-01-01,9999-12-31,TRUE,2026-01;2026-02;2026-03;2026-04;2026-05;2026-06,6,FALSE,2026-01,2026-06,2026-07-15
S2S-00018,Acronis,SPXAMSENS,SPXAMSENS,"Acronis BU Cld,Google Hstd Cld,Per GB,per Dv Addon",master_sku_sheet,2026-01-01,2026-05-31,FALSE,2026-01;2026-02;2026-03;2026-04;2026-05,5,FALSE,2026-01,2026-06,2026-07-15
S2S-00019,Acronis,SQ1AMSENS,SQ1AMSENS,"Acronis BU Cld, Azure Hstd Cld,perGB,per Dev Addon",master_sku_sheet,2026-01-01,9999-12-31,TRUE,2026-01;2026-02;2026-03;2026-04;2026-05;2026-06,6,FALSE,2026-01,2026-06,2026-07-15
S2S-00020,Acronis,SQ2AMSENS,SQ2AMSENS,Acronis Backup - GB - Azure Hosted Storage (per GB),master_sku_sheet,2026-01-01,9999-12-31,TRUE,2026-01;2026-02;2026-03;2026-04;2026-05;2026-06,6,FALSE,2026-01,2026-06,2026-07-15
S2S-00021,Acronis,SQ7AMSENS,SQ7AMSENS,Acronis Backup Cloud Std Hosting Panel Per Server,master_sku_sheet,2026-01-01,2026-05-31,FALSE,2026-01;2026-02;2026-03;2026-04;2026-05,5,FALSE,2026-01,2026-06,2026-07-15
S2S-00022,Acronis,SQ8AMSENS,SQ8AMSENS,Acronis Cyber Protect Cloud-Google Workspace-G1,master_sku_sheet,2026-01-01,9999-12-31,TRUE,2026-01;2026-02;2026-03;2026-04;2026-05;2026-06,6,FALSE,2026-01,2026-06,2026-07-15
S2S-00023,Acronis,SQBPMSENS,APP-SA-SQBPMSENS,APP-Acronis Cyber Protect Cloud Backup-WL-Google Workspace seat (for SP/Azure/Google Hosted storage),data_tab_cms_sku,2026-01-01,2026-04-30,FALSE,2026-01;2026-02;2026-03;2026-04,4,FALSE,2026-01,2026-06,2026-07-15
S2S-00024,Acronis,SQYAMSENS,SQYAMSENS,Advanced DR-Acronis Hosted-1 compute point,master_sku_sheet,2026-01-01,9999-12-31,TRUE,2026-01;2026-02;2026-03;2026-04;2026-05;2026-06,6,FALSE,2026-01,2026-06,2026-07-15
S2S-00025,Acronis,SRAAMSENS,SRAAMSENS,Acronis Cyber Protect Cloud - Microsoft 365 seat,master_sku_sheet,2026-01-01,9999-12-31,TRUE,2026-01;2026-02;2026-03;2026-04;2026-05;2026-06,6,FALSE,2026-01,2026-06,2026-07-15
S2S-00026,Acronis,SRBAMSENS,SRBAMSENS,Acronis Backup Cloud Standard per Mobile Device,master_sku_sheet,2026-01-01,9999-12-31,TRUE,2026-01;2026-02;2026-03;2026-04;2026-05;2026-06,6,FALSE,2026-01,2026-06,2026-07-15
S2S-00027,Acronis,SRHAMSENS,SRHAMSENS,Acronis Advanced Management Pack,master_sku_sheet,2026-01-01,9999-12-31,TRUE,2026-01;2026-02;2026-03;2026-04;2026-05;2026-06,6,FALSE,2026-01,2026-06,2026-07-15
S2S-00028,Acronis,SRI5MSENS,SRI5MSENS,Acronis Advanced Data Loss Prevention,master_sku_sheet,2026-01-01,9999-12-31,TRUE,2026-01;2026-02;2026-03;2026-04;2026-05;2026-06,6,FALSE,2026-01,2026-06,2026-07-15
S2S-00029,Acronis,SRIAMSENS,SRIAMSENS,Acronis Advanced Security Pack,master_sku_sheet,2026-01-01,9999-12-31,TRUE,2026-01;2026-02;2026-03;2026-04;2026-05;2026-06,6,FALSE,2026-01,2026-06,2026-07-15
S2S-00030,Acronis,SRJAMSENS,SRJAMSENS,Acronis Cyber Protect Cloud - Microsoft 365 seat (with unlimited Acronis Hosted Cloud storage),master_sku_sheet,2026-01-01,9999-12-31,TRUE,2026-01;2026-02;2026-03;2026-04;2026-05;2026-06,6,FALSE,2026-01,2026-06,2026-07-15
S2S-00031,Acronis,SRJGMSENS,APP-SA-SRJGMSENS,APP-Acronis Cyber Protect Cloud Backup-Geo-redundant-WL-Microsoft 365 seat,data_tab_cms_sku,2026-01-01,2026-02-28,FALSE,2026-01;2026-02,2,FALSE,2026-01,2026-06,2026-07-15
S2S-00032,Acronis,SRMAMSENS,SRMAMSENS,Acronis Cyber Protect Cloud - Acronis Advanced Management - Microsoft 365 seats,master_sku_sheet,2026-01-01,9999-12-31,TRUE,2026-01;2026-02;2026-03;2026-04;2026-05;2026-06,6,FALSE,2026-01,2026-06,2026-07-15
S2S-00033,Acronis,SUVAMSENS,SUVAMSENS,Acronis Hosted Files Cloud Storage - Acronis Hosted (Per GB),master_sku_sheet,2026-01-01,9999-12-31,TRUE,2026-01;2026-02;2026-03;2026-04;2026-05;2026-06,6,FALSE,2026-01,2026-06,2026-07-15
S2S-00034,Acronis,SVEAMSENS,SVEAMSENS,Acronis Hosted Cyber DR Cloud (add-on) Per GB,master_sku_sheet,2026-01-01,9999-12-31,TRUE,2026-01;2026-02;2026-03;2026-04;2026-05;2026-06,6,FALSE,2026-01,2026-06,2026-07-15
S2S-00035,Bitdefender,2765EMMSN012ALZZ,2765EMMSN012ALZZ,"Bitdefender GravityZone Email Security, 1-99",DIRECT,2026-01-01,9999-12-31,TRUE,2026-01;2026-02;2026-03;2026-04;2026-05,5,FALSE,2026-01,2026-06,2026-07-15
S2S-00036,Bitdefender,2765EMMSN012BLZZ,2765EMMSN012BLZZ,"Bitdefender GravityZone Email Security, 100-499",DIRECT,2026-01-01,9999-12-31,TRUE,2026-01;2026-02;2026-03;2026-04;2026-05,5,FALSE,2026-01,2026-06,2026-07-15
S2S-00037,Bitdefender,2765EMMSN012CLZZ,2765EMMSN012CLZZ,"Bitdefender GravityZone Email Security, 500-999",DIRECT,2026-01-01,9999-12-31,TRUE,2026-01;2026-02;2026-03;2026-04;2026-05,5,FALSE,2026-01,2026-06,2026-07-15
S2S-00038,Bitdefender,3PARTYONPREMBTCDSCCW,3PARTYONPREMBTCDSCCW,Bitdefender Cloud Security Gravity Zone,DIRECT,2026-01-01,9999-12-31,TRUE,2026-01;2026-02;2026-03;2026-04;2026-05,5,FALSE,2026-01,2026-06,2026-07-15
S2S-00039,Bitdefender,3PARTYONPREMBTCDSCLT,3PARTYONPREMBTCDSCLT,Bitdefender Security TSP CW Automate,DIRECT,2026-01-01,9999-12-31,TRUE,2026-01;2026-02;2026-03;2026-04;2026-05,5,FALSE,2026-01,2026-06,2026-07-15
S2S-00040,Bitdefender,AL1775A00A-EN-D,AL1775A00A-EN-D,Bitdefender Security for Virtualized Environments VS,DIRECT,2026-01-01,9999-12-31,TRUE,2026-01;2026-02;2026-03;2026-04;2026-05,5,FALSE,2026-01,2026-06,2026-07-15
S2S-00041,Bitdefender,AL1795A00A-EN,AL1795A00A-EN,Bitdefender Cloud Encryption (1-99 ep),DIRECT,2026-01-01,9999-12-31,TRUE,2026-01;2026-02;2026-03;2026-04;2026-05,5,FALSE,2026-01,2026-06,2026-07-15
S2S-00042,Bitdefender,AL1795A00B-EN,AL1795A00B-EN,Bitdefender Cloud Encryption 100-249,DIRECT,2026-01-01,9999-12-31,TRUE,2026-01;2026-02;2026-03;2026-04;2026-05,5,FALSE,2026-01,2026-06,2026-07-15
S2S-00043,Bitdefender,AL1795A00C-EN,AL1795A00C-EN500-749,Bitdefender Cloud Encryption 500-749,MAPPED,2026-04-01,9999-12-31,TRUE,2026-04;2026-05,2,FALSE,2026-01,2026-06,2026-07-15
S2S-00044,Bitdefender,AL1795A00D-EN,3PARTYONPREMBTCDENCP,Bitdefender Cloud Encryption,MAPPED,2026-01-01,9999-12-31,TRUE,2026-01;2026-02;2026-03;2026-04;2026-05,5,FALSE,2026-01,2026-06,2026-07-15
S2S-00045,Bitdefender,AL1795A00D-EN,AL1795A00D-EN,Bitdefender Cloud Encryption 1000+,DIRECT,2026-01-01,9999-12-31,TRUE,2026-01;2026-02;2026-03;2026-04;2026-05,5,FALSE,2026-01,2026-06,2026-07-15
S2S-00046,Bitdefender,BITDEFENDER-EDR-MSP-SECURE,TA-BITDEFENDER-EDR-MSP-SECURE,TA-Bitdefender EDR (MSP Secure),CW_RATE_PLAN,2026-01-01,9999-12-31,TRUE,2026-01;2026-02;2026-03;2026-04;2026-05,5,FALSE,2026-01,2026-06,2026-07-15
S2S-00047,Bitdefender,CU-BITDF-ADV-THREAT,CU-BITDF-ADV-THREAT,Bitdefender Advanced Threat Security,DIRECT,2026-01-01,9999-12-31,TRUE,2026-01;2026-02;2026-03;2026-04;2026-05,5,FALSE,2026-01,2026-06,2026-07-15
S2S-00048,Bitdefender,CU-BITDF-ATS-AND-EDR,CU-BITDF-ATS-AND-EDR,Bitdefender ATS & EDR,DIRECT,2026-01-01,9999-12-31,TRUE,2026-01;2026-02;2026-03;2026-04;2026-05,5,FALSE,2026-01,2026-06,2026-07-15
S2S-00049,Bitdefender,CU-BITDF-CLD-ENCRYP,CU-BITDF-CLD-ENCRYP,Bitdefender Cloud Encryption,DIRECT,2026-01-01,9999-12-31,TRUE,2026-01;2026-02;2026-03;2026-04;2026-05,5,FALSE,2026-01,2026-06,2026-07-15
S2S-00050,Bitdefender,CU-BITDF-GRAVITYZONE,CU-BITDF-GRAVITYZONE,Bitdefender Cloud Security Gravity Zone (Usage),DIRECT,2026-01-01,9999-12-31,TRUE,2026-01;2026-02;2026-03;2026-04;2026-05,5,FALSE,2026-01,2026-06,2026-07-15
S2S-00051,Bitdefender,CU-BITDF-GZ-EMAILSEC,CU-BITDF-GZ-EMAILSEC,Bitdefender GravityZone Email Security,DIRECT,2026-01-01,2026-02-28,FALSE,2026-01;2026-02,2,FALSE,2026-01,2026-06,2026-07-15
S2S-00052,Bitdefender,CU-BITDF-PATCH-MNGT,CU-BITDF-PATCH-MNGT,Bitdefender Patch Management,DIRECT,2026-01-01,9999-12-31,TRUE,2026-01;2026-02;2026-03;2026-04;2026-05,5,FALSE,2026-01,2026-06,2026-07-15
S2S-00053,Bitdefender,CU-BITDFEDRMSPSECURE,CU-BITDFEDRMSPSECURE,Bitdefender EDR (MSP Secure),DIRECT,2026-01-01,9999-12-31,TRUE,2026-01;2026-02;2026-03;2026-04;2026-05,5,FALSE,2026-01,2026-06,2026-07-15
S2S-00054,Bitdefender,CU-BITDFEDRMSPSECURE,CW-BITDFEDRMSPSECURE,CW Bitdefender EDR (MSP Secure),MAPPED,2026-01-01,9999-12-31,TRUE,2026-01;2026-02;2026-03;2026-04;2026-05,5,FALSE,2026-01,2026-06,2026-07-15
S2S-00055,Bitdefender,CUBITDFEDSEC-4-MOBIL,CUBITDFEDSEC-4-MOBIL,Bitdefender Security for Mobile,DIRECT,2026-01-01,9999-12-31,TRUE,2026-01;2026-02;2026-03;2026-04;2026-05,5,FALSE,2026-01,2026-06,2026-07-15
S2S-00056,Bitdefender,CW-EPSEC-BITDEFENDER,CW-EPSEC-BITDEFENDER,SA-ConnectWise MDR with Bitdefender,DIRECT,2026-01-01,9999-12-31,TRUE,2026-01;2026-02;2026-03;2026-04;2026-05,5,FALSE,2026-01,2026-06,2026-07-15
S2S-00057,Bitdefender,CW-EPSEC-BITDEFENDER,M2MEPSEC-BITDEFENDER,M2M-ConnectWise MDR with Bitdefender,MAPPED,2026-01-01,9999-12-31,TRUE,2026-01;2026-02;2026-03;2026-04;2026-05,5,FALSE,2026-01,2026-06,2026-07-15
S2S-00058,Bitdefender,DL17106A00A-EN-D,DL17106A00A-EN-D,Bitdefender Advanced Threat Security 1-99 ep,DIRECT,2026-01-01,9999-12-31,TRUE,2026-01;2026-02;2026-03;2026-04;2026-05,5,FALSE,2026-01,2026-06,2026-07-15
S2S-00059,Bitdefender,DL17106A00B-EN-D,DL17106A00B-EN-D,Bitdefender Advanced Threat Security 100-499 ep,DIRECT,2026-01-01,9999-12-31,TRUE,2026-01;2026-02;2026-03;2026-04;2026-05,5,FALSE,2026-01,2026-06,2026-07-15
S2S-00060,Bitdefender,DL17106A00C-EN-D,DL17106A00C-EN-D,Bitdefender Advanced Threat Security 500-999 ep,DIRECT,2026-01-01,9999-12-31,TRUE,2026-01;2026-02;2026-03;2026-04;2026-05,5,FALSE,2026-01,2026-06,2026-07-15
S2S-00061,Bitdefender,DL17107A00A-EN-D,DL17107A00A-EN-D,"Bitdefender ATS & EDR, 1-99 ep",DIRECT,2026-01-01,9999-12-31,TRUE,2026-01;2026-02;2026-03;2026-04;2026-05,5,FALSE,2026-01,2026-06,2026-07-15
S2S-00062,Bitdefender,DL17107A00B-EN-D,DL17107A00B-EN-D,"Bitdefender ATS & EDR, 100-499 ep",DIRECT,2026-01-01,9999-12-31,TRUE,2026-01;2026-02;2026-03;2026-04;2026-05,5,FALSE,2026-01,2026-06,2026-07-15
S2S-00063,Bitdefender,DL17107A00C-EN-D,DL17107A00C-EN-D,"Bitdefender ATS & EDR, 500-999 ep",DIRECT,2026-01-01,9999-12-31,TRUE,2026-01;2026-02;2026-03;2026-04;2026-05,5,FALSE,2026-01,2026-06,2026-07-15
S2S-00064,Bitdefender,DL17107A00D-EN-D,DL17107A00D-EN-D,"Bitdefender ATS & EDR, 1000-4999 ep",DIRECT,2026-01-01,9999-12-31,TRUE,2026-01;2026-02;2026-03;2026-04;2026-05,5,FALSE,2026-01,2026-06,2026-07-15
S2S-00065,Bitdefender,DL17107A00E-EN-D,DL17107A00E-EN-D,"Bitdefender ATS & EDR, 5000+ ep",DIRECT,2026-01-01,9999-12-31,TRUE,2026-01;2026-02;2026-03;2026-04;2026-05,5,FALSE,2026-01,2026-06,2026-07-15
S2S-00066,Bitdefender,DL17108A00A-EN-D,DL17108A00A-EN-D,"Bitdefender Patch Management, 1 - 99 ep",DIRECT,2026-01-01,9999-12-31,TRUE,2026-01;2026-02;2026-03;2026-04;2026-05,5,FALSE,2026-01,2026-06,2026-07-15
S2S-00067,Bitdefender,DL17108A00B-EN-D,DL17108A00B-EN-D,"Bitdefender Patch Management, 100 - 499 ep",DIRECT,2026-01-01,9999-12-31,TRUE,2026-01;2026-02;2026-03;2026-04;2026-05,5,FALSE,2026-01,2026-06,2026-07-15
S2S-00068,Bitdefender,DL17108A00C-EN-D,DL17108A00C-EN-D,"Bitdefender Patch Management, 500 - 999 ep",DIRECT,2026-01-01,2026-01-31,FALSE,2026-01,1,FALSE,2026-01,2026-06,2026-07-15
S2S-00069,Bitdefender,DL17108A00D-EN-D,DL17108A00D-EN-D,"Bitdefender Patch Management, 1000 - 4999 ep",DIRECT,2026-01-01,9999-12-31,TRUE,2026-01;2026-02;2026-03;2026-04;2026-05,5,FALSE,2026-01,2026-06,2026-07-15
S2S-00070,Bitdefender,M2MEPSEC-BITDEFENDER,M2MEPSEC-BITDEFENDER,M2M-ConnectWise MDR with Bitdefender,DIRECT,2026-02-01,9999-12-31,TRUE,2026-02;2026-03;2026-04;2026-05,4,FALSE,2026-01,2026-06,2026-07-15
S2S-00071,Bitdefender,TADL17106A,BTS-USD-M01-TADL17106A,Bitdefender Advanced Threat Security 1-99 ep,CW_RATE_PLAN,2026-01-01,9999-12-31,TRUE,2026-01;2026-02;2026-03;2026-04;2026-05,5,FALSE,2026-01,2026-06,2026-07-15
S2S-00072,Bitdefender,TADL17106A,BTS-USD-M02-TADL17106A,Bitdefender Advanced Threat Security 100-499 ep,CW_RATE_PLAN,2026-01-01,9999-12-31,TRUE,2026-01;2026-02;2026-03;2026-04;2026-05,5,FALSE,2026-01,2026-06,2026-07-15
S2S-00073,Bitdefender,TADL17106A,BTS-UKD-M01-TADL17106A,Bitdefender Advanced Threat Security 1-99 ep,CW_RATE_PLAN,2026-01-01,9999-12-31,TRUE,2026-01;2026-02;2026-03;2026-04;2026-05,5,FALSE,2026-01,2026-06,2026-07-15
S2S-00074,Bitdefender,TADL17106A,BTS-CAD-M01-TADL17106A,Bitdefender Advanced Threat Security 1-99 ep,CW_RATE_PLAN,2026-01-01,9999-12-31,TRUE,2026-01;2026-02;2026-03;2026-04;2026-05,5,FALSE,2026-01,2026-06,2026-07-15
S2S-00075,Bitdefender,TADL17106A,BTS-USD-M03-TADL17106A,Bitdefender Advanced Threat Security 500-999 ep,CW_RATE_PLAN,2026-01-01,9999-12-31,TRUE,2026-01;2026-02;2026-03;2026-04;2026-05,5,FALSE,2026-01,2026-06,2026-07-15
S2S-00076,Bitdefender,TADL17106A,BTS-AUD-M01-TADL17106A,Bitdefender Advanced Threat Security 1-99 ep,CW_RATE_PLAN,2026-01-01,9999-12-31,TRUE,2026-01;2026-02;2026-03;2026-04;2026-05,5,FALSE,2026-01,2026-06,2026-07-15
S2S-00077,Bitdefender,TADL17106A,BTS-USD-M04-TADL17106A,Bitdefender Advanced Threat Security 1000-4999 ep,CW_RATE_PLAN,2026-04-01,9999-12-31,TRUE,2026-04;2026-05,2,FALSE,2026-01,2026-06,2026-07-15
S2S-00078,Bitdefender,TADL17107A,BTS-USD-M01-TADL17107A,"Bitdefender ATS & EDR, 1-99 ep",CW_RATE_PLAN,2026-01-01,9999-12-31,TRUE,2026-01;2026-02;2026-03;2026-04;2026-05,5,FALSE,2026-01,2026-06,2026-07-15
S2S-00079,Bitdefender,TADL17107A,BTS-USD-M02-TADL17107A,"Bitdefender ATS & EDR, 100-499 ep",CW_RATE_PLAN,2026-01-01,9999-12-31,TRUE,2026-01;2026-02;2026-03;2026-04;2026-05,5,FALSE,2026-01,2026-06,2026-07-15
S2S-00080,Bitdefender,TADL17107A,BTS-USD-M03-TADL17107A,"Bitdefender ATS & EDR, 500-999 ep",CW_RATE_PLAN,2026-01-01,9999-12-31,TRUE,2026-01;2026-02;2026-03;2026-04;2026-05,5,FALSE,2026-01,2026-06,2026-07-15
S2S-00081,Bitdefender,TADL17107A,BTS-UKD-M02-TADL17107A,"Bitdefender ATS & EDR, 100-499 ep",CW_RATE_PLAN,2026-01-01,9999-12-31,TRUE,2026-01;2026-02;2026-03;2026-04;2026-05,5,FALSE,2026-01,2026-06,2026-07-15
S2S-00082,Bitdefender,TADL17107A,BTS-CAD-M01-TADL17107A,"Bitdefender ATS & EDR, 1-99 ep",CW_RATE_PLAN,2026-01-01,9999-12-31,TRUE,2026-01;2026-02;2026-03;2026-04;2026-05,5,FALSE,2026-01,2026-06,2026-07-15
S2S-00083,Bitdefender,TADL17107A,BTS-USD-M04-TADL17107A,"Bitdefender ATS & EDR, 1000-4999 ep",CW_RATE_PLAN,2026-01-01,9999-12-31,TRUE,2026-01;2026-02;2026-03;2026-04;2026-05,5,FALSE,2026-01,2026-06,2026-07-15
S2S-00084,Bitdefender,TADL17107A,BTS-UKD-M01-TADL17107A,"Bitdefender ATS & EDR, 1-99 ep",CW_RATE_PLAN,2026-01-01,9999-12-31,TRUE,2026-01;2026-02;2026-03;2026-04;2026-05,5,FALSE,2026-01,2026-06,2026-07-15
S2S-00085,Bitdefender,TADL17107A,BTS-AUD-M01-TADL17107A,"Bitdefender ATS & EDR, 1-99 ep",CW_RATE_PLAN,2026-01-01,9999-12-31,TRUE,2026-01;2026-02;2026-03;2026-04;2026-05,5,FALSE,2026-01,2026-06,2026-07-15
S2S-00086,Bitdefender,TADL17108A,BTS-USD-M01-TADL17108A,"Bitdefender Patch Management, 1 - 99 ep",CW_RATE_PLAN,2026-01-01,9999-12-31,TRUE,2026-01;2026-02;2026-03;2026-04;2026-05,5,FALSE,2026-01,2026-06,2026-07-15
S2S-00087,Bitdefender,TADL17108A,BTS-USD-M02-TADL17108A,"Bitdefender Patch Management, 100 - 499 ep",CW_RATE_PLAN,2026-01-01,9999-12-31,TRUE,2026-01;2026-02;2026-03;2026-04;2026-05,5,FALSE,2026-01,2026-06,2026-07-15
S2S-00088,Bitdefender,TB1770A00E,BTS-USD-M07-TBBTCDSCCW,Bitdefender Cloud Sec GravityZone 2500 to 4999 ep,MAPPED,2026-01-01,9999-12-31,TRUE,2026-01;2026-02;2026-03;2026-04;2026-05,5,FALSE,2026-01,2026-06,2026-07-15
S2S-00089,Bitdefender,TBBTCDENCP,BTS-USD-M01-TBBTCDENCP,Bitdefender Cloud Encryption (1-99 ep),CW_RATE_PLAN,2026-01-01,9999-12-31,TRUE,2026-01;2026-02;2026-03;2026-04;2026-05,5,FALSE,2026-01,2026-06,2026-07-15
S2S-00090,Bitdefender,TBBTCDENCP,BTS-UKD-M03-TBBTCDENCP,Bitdefender Cloud Encryption 250-499,CW_RATE_PLAN,2026-01-01,9999-12-31,TRUE,2026-01;2026-02;2026-03;2026-04;2026-05,5,FALSE,2026-01,2026-06,2026-07-15
S2S-00091,Bitdefender,TBBTCDSCCW,BTS-CAD-M04-TBBTCDSCCW,Bitdefender Cloud Sec GravityZone 500 to 749 ep,CW_RATE_PLAN,2026-01-01,9999-12-31,TRUE,2026-01;2026-02;2026-03;2026-04;2026-05,5,FALSE,2026-01,2026-06,2026-07-15
S2S-00092,Bitdefender,TBBTCDSCCW,BTS-USD-M01-TBBTCDSCCW,Bitdefender Cloud Sec GravityZone 1 to 99 ep,CW_RATE_PLAN,2026-01-01,9999-12-31,TRUE,2026-01;2026-02;2026-03;2026-04;2026-05,5,FALSE,2026-01,2026-06,2026-07-15
S2S-00093,Bitdefender,TBBTCDSCCW,BTS-AUD-M02-TBBTCDSCCW,Bitdefender Cloud Sec GravityZone 100 to 249 ep,CW_RATE_PLAN,2026-01-01,9999-12-31,TRUE,2026-01;2026-02;2026-03;2026-04;2026-05,5,FALSE,2026-01,2026-06,2026-07-15
S2S-00094,Bitdefender,TBBTCDSCCW,BTS-USD-M02-TBBTCDSCCW,Bitdefender Cloud Sec GravityZone 100 to 249 ep,CW_RATE_PLAN,2026-01-01,9999-12-31,TRUE,2026-01;2026-02;2026-03;2026-04;2026-05,5,FALSE,2026-01,2026-06,2026-07-15
S2S-00095,Bitdefender,TBBTCDSCCW,BTS-USD-M04-TBBTCDSCCW,Bitdefender Cloud Sec GravityZone 500 to 749 ep,CW_RATE_PLAN,2026-01-01,9999-12-31,TRUE,2026-01;2026-02;2026-03;2026-04;2026-05,5,FALSE,2026-01,2026-06,2026-07-15
S2S-00096,Bitdefender,TBBTCDSCCW,BTS-USD-M06-TBBTCDSCCW,Bitdefender Cloud Sec GravityZone 1000-2499 ep,CW_RATE_PLAN,2026-01-01,9999-12-31,TRUE,2026-01;2026-02;2026-03;2026-04;2026-05,5,FALSE,2026-01,2026-06,2026-07-15
S2S-00097,Bitdefender,TBBTCDSCCW,BTS-UKD-M01-TBBTCDSCCW,Bitdefender Cloud Sec GravityZone 1 to 99 ep,CW_RATE_PLAN,2026-01-01,9999-12-31,TRUE,2026-01;2026-02;2026-03;2026-04;2026-05,5,FALSE,2026-01,2026-06,2026-07-15
S2S-00098,Bitdefender,TBBTCDSCCW,BTS-AUD-M03-TBBTCDSCCW,Bitdefender Cloud Sec GravityZone 250 to 499 ep,CW_RATE_PLAN,2026-01-01,9999-12-31,TRUE,2026-01;2026-02;2026-03;2026-04;2026-05,5,FALSE,2026-01,2026-06,2026-07-15
S2S-00099,Bitdefender,TBBTCDSCCW,BTS-CAD-M01-TBBTCDSCCW,Bitdefender Cloud Sec GravityZone 1 to 99 ep,CW_RATE_PLAN,2026-01-01,9999-12-31,TRUE,2026-01;2026-02;2026-03;2026-04;2026-05,5,FALSE,2026-01,2026-06,2026-07-15
S2S-00100,Bitdefender,TBBTCDSCCW,BTS-UKD-M04-TBBTCDSCCW,Bitdefender Cloud Sec GravityZone 500 to 749 ep,CW_RATE_PLAN,2026-01-01,9999-12-31,TRUE,2026-01;2026-02;2026-03;2026-04;2026-05,5,FALSE,2026-01,2026-06,2026-07-15
S2S-00101,Bitdefender,TBBTCDSCCW,BTS-CAD-M06-TBBTCDSCCW,Bitdefender Cloud Sec GravityZone 1000-2499 ep,CW_RATE_PLAN,2026-01-01,9999-12-31,TRUE,2026-01;2026-02;2026-03;2026-04;2026-05,5,FALSE,2026-01,2026-06,2026-07-15
S2S-00102,Bitdefender,TBBTCDSCCW,BTS-USD-M03-TBBTCDSCCW,Bitdefender Cloud Sec GravityZone 250 to 499 ep,CW_RATE_PLAN,2026-01-01,9999-12-31,TRUE,2026-01;2026-02;2026-03;2026-04;2026-05,5,FALSE,2026-01,2026-06,2026-07-15
S2S-00103,Bitdefender,TBBTCDSCCW,BTS-UKD-M02-TBBTCDSCCW,Bitdefender Cloud Sec GravityZone 100 to 249 ep,CW_RATE_PLAN,2026-01-01,9999-12-31,TRUE,2026-01;2026-02;2026-03;2026-04;2026-05,5,FALSE,2026-01,2026-06,2026-07-15
S2S-00104,Bitdefender,TBBTCDSCCW,BTS-AUD-M01-TBBTCDSCCW,Bitdefender Cloud Sec GravityZone 1 to 99 ep,CW_RATE_PLAN,2026-01-01,9999-12-31,TRUE,2026-01;2026-02;2026-03;2026-04;2026-05,5,FALSE,2026-01,2026-06,2026-07-15
S2S-00105,Bitdefender,TBBTCDSCCW,BTS-AUD-M06-TBBTCDSCCW,Bitdefender Cloud Sec GravityZone 1000-2499 ep,CW_RATE_PLAN,2026-01-01,9999-12-31,TRUE,2026-01;2026-02;2026-03;2026-04;2026-05,5,FALSE,2026-01,2026-06,2026-07-15
S2S-00106,Bitdefender,TBBTCDSCCW,BTS-USD-M05-TBBTCDSCCW,Bitdefender Cloud Sec GravityZone 750 to 999 ep,CW_RATE_PLAN,2026-02-01,9999-12-31,TRUE,2026-02;2026-03;2026-04;2026-05,4,FALSE,2026-01,2026-06,2026-07-15
S2S-00107,Bitdefender,TBBTCDSCCW,BTS-AUD-M04-TBBTCDSCCW,Bitdefender Cloud Sec GravityZone 500 to 749 ep,CW_RATE_PLAN,2026-02-01,2026-03-31,FALSE,2026-02;2026-03,2,FALSE,2026-01,2026-06,2026-07-15
S2S-00108,ESET,3PARTYONPREMEPPROADV,3PARTYONPREMEPPROADV,ESET PROTECT Entry On-Prem (WW),identity,2026-01-01,9999-12-31,TRUE,2026-01;2026-02;2026-03;2026-04;2026-05,5,FALSE,2026-01,2026-06,2026-07-15
S2S-00109,ESET,3PARTYONPREMESETAVLP,3PARTYONPREMESETAVLP,ESET Endpoint AV Legacy Partners,identity,2026-01-01,9999-12-31,TRUE,2026-01;2026-02;2026-03;2026-04;2026-05,5,FALSE,2026-01,2026-06,2026-07-15
S2S-00110,ESET,3PARTYONPREMESETENDP,3PARTYONPREMESETENDP,ESET Endpoint Security,identity,2026-01-01,9999-12-31,TRUE,2026-01;2026-02;2026-03;2026-04;2026-05,5,FALSE,2026-01,2026-06,2026-07-15
S2S-00111,ESET,3PARTYONPREMESETEPAV,3PARTYONPREMESETEPAV,ESET Endpoint Antivirus,identity,2026-01-01,9999-12-31,TRUE,2026-01;2026-02;2026-03;2026-04;2026-05,5,FALSE,2026-01,2026-06,2026-07-15
S2S-00112,ESET,3PARTYONPREMESETESLP,3PARTYONPREMESETESLP,ESET Mail Security for MS Exch Svr Legacy Partners,identity,2026-01-01,9999-12-31,TRUE,2026-01;2026-02;2026-03;2026-04;2026-05,5,FALSE,2026-01,2026-06,2026-07-15
S2S-00113,ESET,3PARTYONPREMESETWFSS,3PARTYONPREMESETWFSS,ESET File Security for MS Win Server,identity,2026-01-01,9999-12-31,TRUE,2026-01;2026-02;2026-03;2026-04;2026-05,5,FALSE,2026-01,2026-06,2026-07-15
S2S-00114,ESET,3PARTYONPREMESETWSLP,3PARTYONPREMESETWSLP,ESET File Security for MS Win Svr Legacy Partners,identity,2026-01-01,9999-12-31,TRUE,2026-01;2026-02;2026-03;2026-04;2026-05,5,FALSE,2026-01,2026-06,2026-07-15
S2S-00115,ESET,3PARTYONPREMESWWEPAV,3PARTYONPREMESWWEPAV,ESET V6 Endpoint Antivirus Legacy,identity,2026-01-01,9999-12-31,TRUE,2026-01;2026-02;2026-03;2026-04;2026-05,5,FALSE,2026-01,2026-06,2026-07-15
S2S-00116,ESET,3PARTYONPREMESWWFSVR,3PARTYONPREMESWWFSVR,ESET WW ESET for File Server,identity,2026-01-01,9999-12-31,TRUE,2026-01;2026-02;2026-03;2026-04;2026-05,5,FALSE,2026-01,2026-06,2026-07-15
S2S-00117,ESET,DSLP,DSLP,ESET Endpoint Encryption Pro,identity,2026-01-01,9999-12-31,TRUE,2026-01;2026-02;2026-03;2026-04;2026-05,5,FALSE,2026-01,2026-06,2026-07-15
S2S-00118,ESET,EAVB,EAVB,ESET Anti-Virus Business Edition -BUNDLE ONLY,identity,2026-01-01,9999-12-31,TRUE,2026-01;2026-02;2026-03;2026-04;2026-05,5,FALSE,2026-01,2026-06,2026-07-15
S2S-00119,ESET,EAVBM,EAVBM,ESET WW ESET for Mac OS X,identity,2026-01-01,9999-12-31,TRUE,2026-01;2026-02;2026-03;2026-04;2026-05,5,FALSE,2026-01,2026-06,2026-07-15
S2S-00120,ESET,EEA,EEA,ESET Endpoint Antivirus,identity,2026-01-01,9999-12-31,TRUE,2026-01;2026-02;2026-03;2026-04;2026-05,5,FALSE,2026-01,2026-06,2026-07-15
S2S-00121,ESET,EEPA,EEPA,ESET PROTECT Entry On-Prem (NA),identity,2026-01-01,9999-12-31,TRUE,2026-01;2026-02;2026-03;2026-04;2026-05,5,FALSE,2026-01,2026-06,2026-07-15
S2S-00122,ESET,EEPA-GE-N3-E,EEPA-GE-N3-E,ESET 3yr STRD ESET PROTECT Entry On-Prem-G/E/N 100-249,identity,2026-01-01,9999-12-31,TRUE,2026-01;2026-02;2026-03;2026-04;2026-05,5,FALSE,2026-01,2026-06,2026-07-15
S2S-00123,ESET,EEPA-N1-E,EEPA-N1-E,ESET 1yr STRD ESET PROTECT Entry On-Prem 100-249,identity,2026-01-01,9999-12-31,TRUE,2026-01;2026-02;2026-03;2026-04;2026-05,5,FALSE,2026-01,2026-06,2026-07-15
S2S-00124,ESET,EEPA-N3-E,EEPA-N3-E,ESET 3yr STRD ESET PROTECT Entry On-Prem 100-249,identity,2026-01-01,9999-12-31,TRUE,2026-01;2026-03;2026-04;2026-05,4,TRUE,2026-01,2026-06,2026-07-15
S2S-00125,ESET,EEPS-GE-N3-G,EEPS-GE-N3-G,ESET 3yr STRD ESET PROTECT Essential On-Prem -G/E/N 500-999,identity,2026-01-01,2026-03-31,FALSE,2026-01;2026-02;2026-03,3,FALSE,2026-01,2026-06,2026-07-15
S2S-00126,ESET,EES,EES,ESET Endpoint Security,identity,2026-01-01,9999-12-31,TRUE,2026-01;2026-02;2026-03;2026-04;2026-05,5,FALSE,2026-01,2026-06,2026-07-15
S2S-00127,ESET,EESX,EESX,ESET AntiVirus Business Ed for Mac OS 9,identity,2026-01-01,9999-12-31,TRUE,2026-01;2026-02;2026-03;2026-04;2026-05,5,FALSE,2026-01,2026-06,2026-07-15
S2S-00128,ESET,EPA-Y1,EPA-Y1,ESET 1YR Protect Advanced,identity,2026-01-01,9999-12-31,TRUE,2026-01;2026-02;2026-03;2026-04;2026-05,5,FALSE,2026-01,2026-06,2026-07-15
S2S-00129,ESET,EPA-Y3,EPA-Y3,ESET 3YR Protect Advanced,identity,2026-01-01,2026-01-31,FALSE,2026-01,1,FALSE,2026-01,2026-06,2026-07-15
S2S-00130,ESET,EPC-Y3,EPC-Y3,ESET 3YR Protect Complete,identity,2026-01-01,9999-12-31,TRUE,2026-01;2026-02;2026-03;2026-04;2026-05,5,FALSE,2026-01,2026-06,2026-07-15
S2S-00131,ESET,EPE-Y1,EPE-Y1,ESET 1YR Protect Entry,identity,2026-01-01,9999-12-31,TRUE,2026-01;2026-02;2026-03;2026-04;2026-05,5,FALSE,2026-01,2026-06,2026-07-15
S2S-00132,ESET,EPEN-Y1,EPEN-Y1,ESET 1YR Protect Enterprise,identity,2026-01-01,2026-04-30,FALSE,2026-01;2026-02;2026-03;2026-04,4,FALSE,2026-01,2026-06,2026-07-15
S2S-00133,ESET,EXCH,EXCH,ESET Mail Security for MS Exch Svr 9,identity,2026-01-01,9999-12-31,TRUE,2026-01;2026-02;2026-03;2026-04;2026-05,5,FALSE,2026-01,2026-06,2026-07-15
S2S-00134,ESET,ITN-EESX,ITN-EESX,ESET Endpoint Security for macOS Per Device,identity,2026-01-01,9999-12-31,TRUE,2026-01;2026-02;2026-03;2026-04;2026-05,5,FALSE,2026-01,2026-06,2026-07-15
S2S-00135,ESET,LEGACYSKUESETMOLP,LEGACYSKUESETMOLP,ESET AV Business Ed for MacOSX Legacy Partners,identity,2026-01-01,9999-12-31,TRUE,2026-01;2026-02;2026-03;2026-04;2026-05,5,FALSE,2026-01,2026-06,2026-07-15
S2S-00136,ESET,MSP-ECAT-Y1,MSP-ECAT-Y1,"ESET MSP 1YR Cybersecurity Awareness Training, Hosted, New, 1 User",identity,2026-02-01,9999-12-31,TRUE,2026-02;2026-03;2026-04;2026-05,4,FALSE,2026-01,2026-06,2026-07-15
S2S-00137,ESET,MSP2-PA,MSP2-PA,ESET Protect Advanced,identity,2026-01-01,9999-12-31,TRUE,2026-01;2026-02;2026-03;2026-04;2026-05,5,FALSE,2026-01,2026-06,2026-07-15
S2S-00138,ESET,MSP2-PA-IIT,MSP2-PA-IIT,ESET Protect Advanced - Internal IT,identity,2026-01-01,9999-12-31,TRUE,2026-01;2026-02;2026-03;2026-04;2026-05,5,FALSE,2026-01,2026-06,2026-07-15
S2S-00139,ESET,MSP2-PC,MSP2-PC,ESET Protect Complete,identity,2026-01-01,9999-12-31,TRUE,2026-01;2026-02;2026-03;2026-04;2026-05,5,FALSE,2026-01,2026-06,2026-07-15
S2S-00140,ESET,MSP2-PC,MSP2-PC-IIT,ESET Protect Complete - Internal IT,suffix:-IIT,2026-01-01,9999-12-31,TRUE,2026-01;2026-02;2026-03;2026-04;2026-05,5,FALSE,2026-01,2026-06,2026-07-15
S2S-00141,ESET,MSP2-PE,MSP2-PE,ESET Protect Entry,identity,2026-01-01,9999-12-31,TRUE,2026-01;2026-02;2026-03;2026-04;2026-05,5,FALSE,2026-01,2026-06,2026-07-15
S2S-00142,ESET,MSP2-PE-IIT,MSP2-PE-IIT,ESET Protect Entry - Internal IT,identity,2026-01-01,9999-12-31,TRUE,2026-01;2026-02;2026-03;2026-04;2026-05,5,FALSE,2026-01,2026-06,2026-07-15
S2S-00143,ESET,MSP2-PEN,MSP2-PEN,ESET Protect Enterprise,identity,2026-01-01,9999-12-31,TRUE,2026-01;2026-02;2026-03;2026-04;2026-05,5,FALSE,2026-01,2026-06,2026-07-15
S2S-00144,ESET,PREMSUPP-N1,PREMSUPP-N1,ESET 1YR Premium Support,identity,2026-01-01,2026-04-30,FALSE,2026-01;2026-02;2026-03;2026-04,4,FALSE,2026-01,2026-06,2026-07-15
S2S-00145,ESET,RMM-EAVB,RMM-EAVB,"ESET NOD32 Anit-Virus, Business Edition",identity,2026-01-01,9999-12-31,TRUE,2026-01;2026-02;2026-03;2026-04;2026-05,5,FALSE,2026-01,2026-06,2026-07-15
S2S-00146,ESET,RMM-EAVBM,RMM-EAVBM,ESET NOD32 Antivirus Business Edition for Mac OSX,identity,2026-01-01,9999-12-31,TRUE,2026-01;2026-02;2026-03;2026-04;2026-05,5,FALSE,2026-01,2026-06,2026-07-15
S2S-00147,ESET,TA-MSP2-EI,ESS-USD-M01-TA-MSP2-EI,ESET Enterprise Inspector (EDR) - 1-10,prefix:ESS-USD-M01,2026-01-01,9999-12-31,TRUE,2026-01;2026-02;2026-03;2026-04;2026-05,5,FALSE,2026-01,2026-06,2026-07-15
S2S-00148,ESET,TA-MSP2-EI,ESS-USD-M04-TA-MSP2-EI,ESET Enterprise Inspector (EDR) - 50-99,prefix:ESS-USD-M04,2026-01-01,9999-12-31,TRUE,2026-01;2026-02;2026-03;2026-04;2026-05,5,FALSE,2026-01,2026-06,2026-07-15
S2S-00149,ESET,TA-MSP2-EI,ESS-USD-M06-TA-MSP2-EI,ESET Enterprise Inspector (EDR) - 250-499,prefix:ESS-USD-M06,2026-01-01,9999-12-31,TRUE,2026-01;2026-02;2026-03;2026-04;2026-05,5,FALSE,2026-01,2026-06,2026-07-15
S2S-00150,ESET,TAMSP2--PA-M01,ESS-AUD-M01-TAMSP2--PA,ESET Protect Advanced - 1-5,other,2026-01-01,9999-12-31,TRUE,2026-01;2026-02;2026-03;2026-04;2026-05,5,FALSE,2026-01,2026-06,2026-07-15
S2S-00151,ESET,TAMSP2--PA-M01,ESS-USD-M01-TAMSP2--PA,ESET Protect Advanced - 1-5,other,2026-01-01,9999-12-31,TRUE,2026-01;2026-02;2026-03;2026-04;2026-05,5,FALSE,2026-01,2026-06,2026-07-15
S2S-00152,ESET,TAMSP2--PA-M03,ESS-USD-M03-TAMSP2--PA,ESET Protect Advanced - 11-25,other,2026-01-01,9999-12-31,TRUE,2026-01;2026-02;2026-03;2026-04;2026-05,5,FALSE,2026-01,2026-06,2026-07-15
S2S-00153,ESET,TAMSP2--PA-M03,ESS-CAD-M03-TAMSP2--PA,ESET Protect Advanced - 11-25,other,2026-01-01,9999-12-31,TRUE,2026-01;2026-02;2026-03;2026-04;2026-05,5,FALSE,2026-01,2026-06,2026-07-15
S2S-00154,ESET,TAMSP2--PA-M04,ESS-USD-M04-TAMSP2--PA,ESET Protect Advanced - 26-49,other,2026-01-01,9999-12-31,TRUE,2026-01;2026-02;2026-03;2026-04;2026-05,5,FALSE,2026-01,2026-06,2026-07-15
S2S-00155,ESET,TAMSP2--PA-M06,ESS-USD-M06-TAMSP2--PA,ESET Protect Advanced - 100-249,other,2026-01-01,9999-12-31,TRUE,2026-01;2026-02;2026-03;2026-04;2026-05,5,FALSE,2026-01,2026-06,2026-07-15
S2S-00156,ESET,TAMSP2--PA-M06,ESS-CAD-M06-TAMSP2--PA,ESET Protect Advanced - 100-249,other,2026-01-01,9999-12-31,TRUE,2026-01;2026-02;2026-03;2026-04;2026-05,5,FALSE,2026-01,2026-06,2026-07-15
S2S-00157,ESET,TAMSP2--PA-M07,ESS-USD-M07-TAMSP2--PA,ESET Protect Advanced - 250-499,other,2026-01-01,9999-12-31,TRUE,2026-01;2026-02;2026-03;2026-04;2026-05,5,FALSE,2026-01,2026-06,2026-07-15
S2S-00158,ESET,TAMSP2--PA-M08,ESS-USD-M08-TAMSP2--PA,ESET Protect Advanced - 500-999,other,2026-01-01,9999-12-31,TRUE,2026-01;2026-02;2026-03;2026-04;2026-05,5,FALSE,2026-01,2026-06,2026-07-15
S2S-00159,ESET,TAMSP2--PA-M09,ESS-USD-M09-TAMSP2--PA,ESET Protect Advanced - 1000-1999,other,2026-01-01,9999-12-31,TRUE,2026-01;2026-02;2026-03;2026-04;2026-05,5,FALSE,2026-01,2026-06,2026-07-15
S2S-00160,ESET,TAMSP2--PA-M09,ESS-UKD-M09-TAMSP2--PA,ESET Protect Advanced - 1000-1999,other,2026-01-01,9999-12-31,TRUE,2026-01;2026-02;2026-03;2026-04;2026-05,5,FALSE,2026-01,2026-06,2026-07-15
S2S-00161,ESET,TAMSP2--PC-M01,ESS-USD-M01-TAMSP2--PC,ESET Protect Complete - 1-5,other,2026-01-01,9999-12-31,TRUE,2026-01;2026-02;2026-03;2026-04;2026-05,5,FALSE,2026-01,2026-06,2026-07-15
S2S-00162,ESET,TAMSP2--PC-M04,ESS-USD-M04-TAMSP2--PC,ESET Protect Complete - 26-49,other,2026-01-01,9999-12-31,TRUE,2026-01;2026-02;2026-03;2026-04;2026-05,5,FALSE,2026-01,2026-06,2026-07-15
S2S-00163,ESET,TAMSP2--PC-M05,ESS-USD-M05-TAMSP2--PC,ESET Protect Complete - 50-99,other,2026-01-01,9999-12-31,TRUE,2026-01;2026-02;2026-03;2026-04;2026-05,5,FALSE,2026-01,2026-06,2026-07-15
S2S-00164,ESET,TAMSP2--PC-M07,ESS-CAD-M07-TAMSP2--PC,ESET Protect Complete - 250-499,other,2026-01-01,2026-02-28,FALSE,2026-01;2026-02,2,FALSE,2026-01,2026-06,2026-07-15
S2S-00165,ESET,TAMSP2--PC-M08,ESS-CAD-M08-TAMSP2--PC,ESET Protect Complete - 500-999,other,2026-02-01,2026-03-31,FALSE,2026-02;2026-03,2,FALSE,2026-01,2026-06,2026-07-15
S2S-00166,ESET,TAMSP2--PE-M01,ESS-USD-M01-TAMSP2--PE,ESET Protect Entry - 1-5,other,2026-01-01,9999-12-31,TRUE,2026-01;2026-02;2026-03;2026-04;2026-05,5,FALSE,2026-01,2026-06,2026-07-15
S2S-00167,ESET,TAMSP2--PE-M02,ESS-USD-M02-TAMSP2--PE,ESET Protect Entry - 6-10,other,2026-01-01,9999-12-31,TRUE,2026-01;2026-02;2026-03;2026-04;2026-05,5,FALSE,2026-01,2026-06,2026-07-15
S2S-00168,ESET,TAMSP2--PE-M03,ESS-USD-M03-TAMSP2--PE,ESET Protect Entry - 11-25,other,2026-01-01,9999-12-31,TRUE,2026-01;2026-02;2026-03;2026-04;2026-05,5,FALSE,2026-01,2026-06,2026-07-15
S2S-00169,ESET,TAMSP2--PE-M03,ESS-CAD-M03-TAMSP2--PE,ESET Protect Entry - 11-25,other,2026-01-01,9999-12-31,TRUE,2026-01;2026-02;2026-03;2026-04;2026-05,5,FALSE,2026-01,2026-06,2026-07-15
S2S-00170,ESET,TAMSP2--PE-M04,ESS-USD-M04-TAMSP2--PE,ESET Protect Entry - 26-49,other,2026-01-01,9999-12-31,TRUE,2026-01;2026-02;2026-03;2026-04;2026-05,5,FALSE,2026-01,2026-06,2026-07-15
S2S-00171,ESET,TAMSP2--PE-M05,ESS-USD-M05-TAMSP2--PE,ESET Protect Entry - 50-99,other,2026-01-01,9999-12-31,TRUE,2026-01;2026-02;2026-03;2026-04;2026-05,5,FALSE,2026-01,2026-06,2026-07-15
S2S-00172,ESET,TAMSP2--PE-M06,ESS-USD-M06-TAMSP2--PE,ESET Protect Entry - 100-249,other,2026-01-01,9999-12-31,TRUE,2026-01;2026-02;2026-03;2026-04;2026-05,5,FALSE,2026-01,2026-06,2026-07-15
S2S-00173,ESET,TAMSP2--PE-M07,ESS-CAD-M07-TAMSP2--PE,ESET Protect Entry - 250-499,other,2026-01-01,9999-12-31,TRUE,2026-01;2026-02;2026-03;2026-04;2026-05,5,FALSE,2026-01,2026-06,2026-07-15
S2S-00174,ESET,TAMSP2--PE-M07,ESS-USD-M07-TAMSP2--PE,ESET Protect Entry - 250-499,other,2026-01-01,9999-12-31,TRUE,2026-01;2026-02;2026-03;2026-04;2026-05,5,FALSE,2026-01,2026-06,2026-07-15
S2S-00175,ESET,TAMSP2--PE-M08,ESS-USD-M08-TAMSP2--PE,ESET Protect Entry - 500-999,other,2026-01-01,9999-12-31,TRUE,2026-01;2026-02;2026-03;2026-04;2026-05,5,FALSE,2026-01,2026-06,2026-07-15
S2S-00176,ESET,TAMSP2--PE-M09,ESS-USD-M09-TAMSP2--PE,ESET Protect Entry - 1000-1999,other,2026-01-01,9999-12-31,TRUE,2026-01;2026-02;2026-03;2026-04;2026-05,5,FALSE,2026-01,2026-06,2026-07-15
S2S-00177,ESET,TAMSP2--PE-M09,ESS-AUD-M09-TAMSP2--PE,ESET Protect Entry - 1000-1999,other,2026-01-01,9999-12-31,TRUE,2026-01;2026-02;2026-03;2026-04;2026-05,5,FALSE,2026-01,2026-06,2026-07-15
S2S-00178,ESET,TAMSP2--PE-M10,ESS-USD-M10-TAMSP2--PE,ESET Protect Entry - 2000-5000,other,2026-01-01,9999-12-31,TRUE,2026-01;2026-02;2026-03;2026-04;2026-05,5,FALSE,2026-01,2026-06,2026-07-15
S2S-00179,ESET,TAMSP2-PEN,ESS-USD-M05-TAMSP2-PEN,ESET Protect Enterprise 50-99,prefix:ESS-USD-M05,2026-01-01,9999-12-31,TRUE,2026-01;2026-02;2026-03;2026-04;2026-05,5,FALSE,2026-01,2026-06,2026-07-15
S2S-00180,ESET,TAMSP2-PEN,ESS-USD-M06-TAMSP2-PEN,ESET Protect Enterprise 100-249,prefix:ESS-USD-M06,2026-01-01,9999-12-31,TRUE,2026-01;2026-02;2026-03;2026-04;2026-05,5,FALSE,2026-01,2026-06,2026-07-15
S2S-00181,ESET,TAMSP2-PEN,ESS-USD-M07-TAMSP2-PEN,ESET Protect Enterprise 250-499,prefix:ESS-USD-M07,2026-01-01,9999-12-31,TRUE,2026-01;2026-02;2026-03;2026-04;2026-05,5,FALSE,2026-01,2026-06,2026-07-15
S2S-00182,ESET,TAMSP2-PEN,ESS-USD-M09-TAMSP2-PEN,ESET Protect Enterprise 1000-1999,prefix:ESS-USD-M09,2026-01-01,9999-12-31,TRUE,2026-01;2026-02;2026-03;2026-04;2026-05,5,FALSE,2026-01,2026-06,2026-07-15
S2S-00183,ESET,TAMSP2-PMP-M04,ESS-AUD-M04-TAMSP2-PMP,ESET Protect Mail Plus - 50-99,other,2026-01-01,9999-12-31,TRUE,2026-01;2026-02;2026-03;2026-04;2026-05,5,FALSE,2026-01,2026-06,2026-07-15
S2S-00184,ESET,TAMSP2FDE1,ESS-USD-M01-TAMSP2FDE1,ESET Full Disk Encryption 1-99,prefix:ESS-USD-M01,2026-01-01,9999-12-31,TRUE,2026-01;2026-02;2026-03;2026-04;2026-05,5,FALSE,2026-01,2026-06,2026-07-15
S2S-00185,ESET,TAMSP2FDE1,ESS-CAD-M01-TAMSP2FDE1,ESET Full Disk Encryption 1-99,prefix:ESS-CAD-M01,2026-01-01,9999-12-31,TRUE,2026-01;2026-02;2026-03;2026-04;2026-05,5,FALSE,2026-01,2026-06,2026-07-15
S2S-00186,ESET,TBDESLOCKP,ESS-USD-M01-TBDESLOCKP,ESET Endpoint Encryption Pro 1-99,prefix:ESS-USD-M01,2026-01-01,2026-02-28,FALSE,2026-01;2026-02,2,FALSE,2026-01,2026-06,2026-07-15
S2S-00187,ESET,TBEPPROADV,ESS-USD-M01-TBEPPROADV,ESET PROTECT Entry On-Prem (NA) 1-99,prefix:ESS-USD-M01,2026-01-01,9999-12-31,TRUE,2026-01;2026-02;2026-03;2026-04;2026-05,5,FALSE,2026-01,2026-06,2026-07-15
S2S-00188,ESET,TBEPPROADV,ESS-USD-M02-TBEPPROADV,ESET PROTECT Entry On-Prem (NA) 100-249,prefix:ESS-USD-M02,2026-01-01,9999-12-31,TRUE,2026-01;2026-02;2026-03;2026-04;2026-05,5,FALSE,2026-01,2026-06,2026-07-15
S2S-00189,ESET,TBEPPROADV,ESS-USD-M03-TBEPPROADV,ESET PROTECT Entry On-Prem (NA) 250-499,prefix:ESS-USD-M03,2026-01-01,9999-12-31,TRUE,2026-01;2026-02;2026-03;2026-04;2026-05,5,FALSE,2026-01,2026-06,2026-07-15
S2S-00190,ESET,TBEPPROADV,ESS-USD-M04-TBEPPROADV,ESET PROTECT Entry On-Prem (NA) 500-749,prefix:ESS-USD-M04,2026-01-01,9999-12-31,TRUE,2026-01;2026-02;2026-03;2026-04;2026-05,5,FALSE,2026-01,2026-06,2026-07-15
S2S-00191,ESET,TBEPPROADV,ESS-CAD-M05-TBEPPROADV,ESET PROTECT Entry On-Prem (NA) 750-999,prefix:ESS-CAD-M05,2026-01-01,9999-12-31,TRUE,2026-01;2026-02;2026-03;2026-04;2026-05,5,FALSE,2026-01,2026-06,2026-07-15
S2S-00192,ESET,TBEPPROADV,ESS-USD-M06-TBEPPROADV,ESET PROTECT Entry On-Prem (NA) 1000+,prefix:ESS-USD-M06,2026-01-01,9999-12-31,TRUE,2026-01;2026-02;2026-03;2026-04;2026-05,5,FALSE,2026-01,2026-06,2026-07-15
S2S-00193,ESET,TBESV6ENDP,ESS-CAD-M01-TBESV6ENDP,ESET Endpoint Security 1-99,prefix:ESS-CAD-M01,2026-01-01,9999-12-31,TRUE,2026-01;2026-02;2026-03;2026-04;2026-05,5,FALSE,2026-01,2026-06,2026-07-15
S2S-00194,ESET,TBESV6ENDP,ESS-USD-M01-TBESV6ENDP,ESET Endpoint Security 1-99,prefix:ESS-USD-M01,2026-01-01,9999-12-31,TRUE,2026-01;2026-02;2026-03;2026-04;2026-05,5,FALSE,2026-01,2026-06,2026-07-15
S2S-00195,ESET,TBESV6ENDP,ESS-USD-M02-TBESV6ENDP,ESET Endpoint Security 100-249,prefix:ESS-USD-M02,2026-01-01,9999-12-31,TRUE,2026-01;2026-02;2026-03;2026-04;2026-05,5,FALSE,2026-01,2026-06,2026-07-15
S2S-00196,ESET,TBESV6ENDP,ESS-USD-M03-TBESV6ENDP,ESET Endpoint Security 250-499,prefix:ESS-USD-M03,2026-01-01,9999-12-31,TRUE,2026-01;2026-02;2026-03;2026-04;2026-05,5,FALSE,2026-01,2026-06,2026-07-15
S2S-00197,ESET,TBESV6ENDP,ESS-USD-M06-TBESV6ENDP,ESET Endpoint Security 1000+,prefix:ESS-USD-M06,2026-01-01,9999-12-31,TRUE,2026-01;2026-02;2026-03;2026-04;2026-05,5,FALSE,2026-01,2026-06,2026-07-15
S2S-00198,ESET,TBESV6ENDP,ESS-CAD-M06-TBESV6ENDP,ESET Endpoint Security 1000+,prefix:ESS-CAD-M06,2026-01-01,9999-12-31,TRUE,2026-01;2026-02;2026-03;2026-04;2026-05,5,FALSE,2026-01,2026-06,2026-07-15
S2S-00199,ESET,TBESV6EPAV,ESS-USD-M01-TBESV6EPAV,ESET Endpoint AntiVirus 1-99,prefix:ESS-USD-M01,2026-01-01,9999-12-31,TRUE,2026-01;2026-02;2026-03;2026-04;2026-05,5,FALSE,2026-01,2026-06,2026-07-15
S2S-00200,ESET,TBESV6EPAV,ESS-CAD-M01-TBESV6EPAV,ESET Endpoint AntiVirus 1-99,prefix:ESS-CAD-M01,2026-01-01,9999-12-31,TRUE,2026-01;2026-02;2026-03;2026-04;2026-05,5,FALSE,2026-01,2026-06,2026-07-15
S2S-00201,ESET,TBESV6EPAV,ESS-AUD-M01-TBESV6EPAV,ESET Endpoint AntiVirus 1-99,prefix:ESS-AUD-M01,2026-01-01,9999-12-31,TRUE,2026-01;2026-02;2026-03;2026-04;2026-05,5,FALSE,2026-01,2026-06,2026-07-15
S2S-00202,ESET,TBESV6EPAV,ESS-USD-M02-TBESV6EPAV,ESET Endpoint AntiVirus 100-249,prefix:ESS-USD-M02,2026-01-01,9999-12-31,TRUE,2026-01;2026-02;2026-03;2026-04;2026-05,5,FALSE,2026-01,2026-06,2026-07-15
S2S-00203,ESET,TBESV6EPAV,ESS-CAD-M02-TBESV6EPAV,ESET Endpoint AntiVirus 100-249,prefix:ESS-CAD-M02,2026-01-01,9999-12-31,TRUE,2026-01;2026-02;2026-03;2026-04;2026-05,5,FALSE,2026-01,2026-06,2026-07-15
S2S-00204,ESET,TBESV6EPAV,ESS-CAD-M03-TBESV6EPAV,ESET Endpoint AntiVirus 250-499,prefix:ESS-CAD-M03,2026-01-01,9999-12-31,TRUE,2026-01;2026-02;2026-03;2026-04;2026-05,5,FALSE,2026-01,2026-06,2026-07-15
S2S-00205,ESET,TBESV6EPAV,ESS-USD-M03-TBESV6EPAV,ESET Endpoint AntiVirus 250-499,prefix:ESS-USD-M03,2026-01-01,9999-12-31,TRUE,2026-01;2026-02;2026-03;2026-04;2026-05,5,FALSE,2026-01,2026-06,2026-07-15
S2S-00206,ESET,TBESV6EPAV,ESS-USD-M04-TBESV6EPAV,ESET Endpoint AntiVirus 500-749,prefix:ESS-USD-M04,2026-01-01,9999-12-31,TRUE,2026-01;2026-02;2026-03;2026-04;2026-05,5,FALSE,2026-01,2026-06,2026-07-15
S2S-00207,ESET,TBESV6EPAV,ESS-USD-M05-TBESV6EPAV,ESET Endpoint AntiVirus 750-999,prefix:ESS-USD-M05,2026-01-01,9999-12-31,TRUE,2026-01;2026-02;2026-03;2026-04;2026-05,5,FALSE,2026-01,2026-06,2026-07-15
S2S-00208,ESET,TBESV6EPAV,ESS-USD-M06-TBESV6EPAV,ESET Endpoint AntiVirus 1000+,prefix:ESS-USD-M06,2026-01-01,9999-12-31,TRUE,2026-01;2026-02;2026-03;2026-04;2026-05,5,FALSE,2026-01,2026-06,2026-07-15
S2S-00209,ESET,TBESV6EPAV,ESS-CAD-M06-TBESV6EPAV,ESET Endpoint AntiVirus 1000+,prefix:ESS-CAD-M06,2026-01-01,9999-12-31,TRUE,2026-01;2026-02;2026-03;2026-04;2026-05,5,FALSE,2026-01,2026-06,2026-07-15
S2S-00210,ESET,TBESV6MEXC,ESS-USD-M01-TBESV6MEXC,ESET Mail Security for MS Exch Svr 1-99,prefix:ESS-USD-M01,2026-01-01,9999-12-31,TRUE,2026-01;2026-02;2026-03;2026-04;2026-05,5,FALSE,2026-01,2026-06,2026-07-15
S2S-00211,ESET,TBESV6MEXC,ESS-USD-M02-TBESV6MEXC,ESET Mail Security for MS Exch Svr 100-249,prefix:ESS-USD-M02,2026-01-01,9999-12-31,TRUE,2026-01;2026-02;2026-03;2026-04;2026-05,5,FALSE,2026-01,2026-06,2026-07-15
S2S-00212,ESET,TBESV6MOSX,ESS-USD-M01-TBESV6MOSX,ESET AntiVirus Business Ed for Mac OS 1-99,prefix:ESS-USD-M01,2026-01-01,9999-12-31,TRUE,2026-01;2026-02;2026-03;2026-04;2026-05,5,FALSE,2026-01,2026-06,2026-07-15
S2S-00213,ESET,TBESV6MOSX,ESS-CAD-M01-TBESV6MOSX,ESET AntiVirus Business Ed for Mac OS 1-99,prefix:ESS-CAD-M01,2026-01-01,9999-12-31,TRUE,2026-01;2026-02;2026-03;2026-04;2026-05,5,FALSE,2026-01,2026-06,2026-07-15
S2S-00214,ESET,TBESV6MOSX,ESS-USD-M02-TBESV6MOSX,ESET AntiVirus Business Ed for Mac OS 100-249,prefix:ESS-USD-M02,2026-01-01,9999-12-31,TRUE,2026-01;2026-02;2026-03;2026-04;2026-05,5,FALSE,2026-01,2026-06,2026-07-15
S2S-00215,ESET,TBESV6WFSS,ESS-CAD-M01-TBESV6WFSS,ESET File Security for MS Win Server 1-99,prefix:ESS-CAD-M01,2026-01-01,9999-12-31,TRUE,2026-01;2026-02;2026-03;2026-04;2026-05,5,FALSE,2026-01,2026-06,2026-07-15
S2S-00216,ESET,TBESV6WFSS,ESS-USD-M01-TBESV6WFSS,ESET File Security for MS Win Server 1-99,prefix:ESS-USD-M01,2026-01-01,9999-12-31,TRUE,2026-01;2026-02;2026-03;2026-04;2026-05,5,FALSE,2026-01,2026-06,2026-07-15
S2S-00217,ESET,TBESV6WFSS,ESS-USD-M02-TBESV6WFSS,ESET File Security for MS Win Server 100-249,prefix:ESS-USD-M02,2026-01-01,9999-12-31,TRUE,2026-01;2026-02;2026-03;2026-04;2026-05,5,FALSE,2026-01,2026-06,2026-07-15
S2S-00218,ESET,TBESV6WFSS,ESS-CAD-M02-TBESV6WFSS,ESET File Security for MS Win Server 100-249,prefix:ESS-CAD-M02,2026-01-01,9999-12-31,TRUE,2026-01;2026-02;2026-03;2026-04;2026-05,5,FALSE,2026-01,2026-06,2026-07-15
S2S-00219,ESET,TBESV6WFSS,ESS-CAD-M04-TBESV6WFSS,ESET File Security for MS Win Server 500-749,prefix:ESS-CAD-M04,2026-01-01,9999-12-31,TRUE,2026-01;2026-02;2026-03;2026-04;2026-05,5,FALSE,2026-01,2026-06,2026-07-15
S2S-00220,ESET,TBESV6WFSS,ESS-AUD-M01-TBESV6WFSS,ESET File Security for MS Win Server 1-99,prefix:ESS-AUD-M01,2026-04-01,9999-12-31,TRUE,2026-04;2026-05,2,FALSE,2026-01,2026-06,2026-07-15
S2S-00221,ESET,TBITN-EESX,ESS-USD-M01-TBITN-EESX,ESET Endpoint Security for macOS Per Device 1-99,prefix:ESS-USD-M01,2026-01-01,9999-12-31,TRUE,2026-01;2026-02;2026-03;2026-04;2026-05,5,FALSE,2026-01,2026-06,2026-07-15
S2S-00222,ESET,TBITN-EESX,ESS-CAD-M01-TBITN-EESX,ESET Endpoint Security for macOS Per Device 1-99,prefix:ESS-CAD-M01,2026-01-01,9999-12-31,TRUE,2026-01;2026-02;2026-03;2026-04;2026-05,5,FALSE,2026-01,2026-06,2026-07-15
S2S-00223,ESET,WFS,WFS,ESET File Security for MS Win Server,identity,2026-01-01,9999-12-31,TRUE,2026-01;2026-02;2026-03;2026-04;2026-05,5,FALSE,2026-01,2026-06,2026-07-15
S2S-00224,Exium,EX-CGW,EXIUM_CGW,Exium CGW-CyberGateway,direct_sku_match,2026-01-01,9999-12-31,TRUE,2026-01;2026-02;2026-03;2026-04;2026-05,5,FALSE,2026-01,2026-06,2026-07-15
S2S-00225,Exium,EX-CGW-NEW,,,vendor_only_no_cw_subscription,2026-01-01,9999-12-31,TRUE,2026-01;2026-02;2026-03;2026-04;2026-05,5,FALSE,2026-01,2026-06,2026-07-15
S2S-00226,Exium,EX-SASE-ESSENTIALS,EX-SASE-ESSENTIALS,Exium SASE Essentials,direct_sku_match,2026-01-01,9999-12-31,TRUE,2026-01;2026-02;2026-03;2026-04;2026-05,5,FALSE,2026-01,2026-06,2026-07-15
S2S-00227,Exium,EX-SASE-PRO,EX-SASE-PRO,Exium SASE Pro,direct_sku_match,2026-01-01,9999-12-31,TRUE,2026-01;2026-02;2026-03;2026-04;2026-05,5,FALSE,2026-01,2026-06,2026-07-15
S2S-00228,Exium,EX-SIA,EXIUM_SIA,Exium SIA-Secure Internet Access,direct_sku_match,2026-01-01,9999-12-31,TRUE,2026-01;2026-02;2026-03;2026-04;2026-05,5,FALSE,2026-01,2026-06,2026-07-15
S2S-00229,Exium,EX-SPA,EXIUM_SPA,Exium SPA- Secure Private Access,direct_sku_match,2026-01-01,9999-12-31,TRUE,2026-01;2026-02;2026-03;2026-04;2026-05,5,FALSE,2026-01,2026-06,2026-07-15
S2S-00230,KeepIT,KI-AZUR-CSP,CW-RMM-SB-AZ-ADV,CW RMM SaaS Backup for Azure AD Advanced Users,family_match_via_KeepIT_SKU_tab,2026-01-01,9999-12-31,TRUE,2026-01;2026-02;2026-03;2026-04;2026-05,5,FALSE,2026-01,2026-06,2026-07-15
S2S-00231,KeepIT,KI-D365-FUL,CW-RMM-SB-DYNMCS,CW RMM SaaS Backup for Dynamics (CRM) Users,family_match_via_KeepIT_SKU_tab,2026-01-01,9999-12-31,TRUE,2026-01;2026-02;2026-03;2026-04;2026-05,5,FALSE,2026-01,2026-06,2026-07-15
S2S-00232,KeepIT,KI-GOOG-FUL,CW-RMM-SB-GW,CW RMM SaaS Backup Google Workspace Users,family_match_via_KeepIT_SKU_tab,2026-01-01,9999-12-31,TRUE,2026-01;2026-02;2026-03;2026-04;2026-05,5,FALSE,2026-01,2026-06,2026-07-15
S2S-00233,KeepIT,KI-M365-FUL,CW-RMM-SB-M365,CW RMM SaaS Backup Microsoft 365 Users,family_match_via_KeepIT_SKU_tab,2026-01-01,9999-12-31,TRUE,2026-01;2026-02;2026-03;2026-04;2026-05,5,FALSE,2026-01,2026-06,2026-07-15
S2S-00234,KeepIT,KI-SFDC-FUL,CW-RMM-SB-SF,CW RMM SaaS Backup Salesforce Users,family_match_via_KeepIT_SKU_tab,2026-01-01,9999-12-31,TRUE,2026-01;2026-02;2026-03;2026-04;2026-05,5,FALSE,2026-01,2026-06,2026-07-15
S2S-00235,Malwarebytes,EPP12N,EPP12N,Malwarebytes Endpoint Security,royalty_export,2026-01-01,9999-12-31,TRUE,2026-01;2026-02;2026-03;2026-04;2026-05;2026-06,6,FALSE,2026-01,2026-06,2026-07-15
S2S-00236,Malwarebytes,EPP12N-EP-PROTECTION,EPP12N-EP-PROTECTION,Malwarebytes Endpoint Protection,royalty_export,2026-01-01,9999-12-31,TRUE,2026-01;2026-02;2026-03;2026-04;2026-05;2026-06,6,FALSE,2026-01,2026-06,2026-07-15
S2S-00237,Malwarebytes,MAM12N10,MAM12N,Malwarebytes Anti-Malware for Business,royalty_export,2026-01-01,9999-12-31,TRUE,2026-01;2026-02;2026-03;2026-04;2026-05;2026-06,6,FALSE,2026-01,2026-06,2026-07-15
S2S-00238,Malwarebytes,MEPR12N,MEPR12N,Malwarebytes Endpoint Protection and Response,royalty_export,2026-01-01,9999-12-31,TRUE,2026-01;2026-02;2026-03;2026-04;2026-05;2026-06,6,FALSE,2026-01,2026-06,2026-07-15
S2S-00239,Piriform,LEGACYTBSVPICCNDM00,LEGACYTBSVPICCNDM00,Piriform CC Mtly Subscription,royalty_export(shared SKU),2026-01-01,9999-12-31,TRUE,2026-01;2026-02;2026-03;2026-04;2026-05,5,FALSE,2026-01,2026-06,2026-07-15
S2S-00240,Piriform,PCC10-99,PCC10-99,Piriform CCleaner 10-99,royalty_export(shared SKU),2026-01-01,9999-12-31,TRUE,2026-01;2026-02;2026-03;2026-04;2026-05,5,FALSE,2026-01,2026-06,2026-07-15
S2S-00241,Piriform,PCC100-249,PCC100-249,Piriform CCleaner 100-249,royalty_export(shared SKU),2026-01-01,9999-12-31,TRUE,2026-01;2026-02;2026-03;2026-04;2026-05,5,FALSE,2026-01,2026-06,2026-07-15
S2S-00242,Piriform,PCC1000,PCC1000,Piriform CCleaner 1000+,royalty_export(shared SKU),2026-01-01,2026-01-31,FALSE,2026-01,1,FALSE,2026-01,2026-06,2026-07-15
S2S-00243,Piriform,PCC250-499,PCC250-499,Piriform CCleaner 250-499,royalty_export(shared SKU),2026-01-01,9999-12-31,TRUE,2026-01;2026-02;2026-03;2026-04;2026-05,5,FALSE,2026-01,2026-06,2026-07-15
S2S-00244,Piriform,PCC500-749,PCC500-749,Piriform CCleaner 500-749,royalty_export(shared SKU),2026-01-01,2026-04-30,FALSE,2026-01;2026-02;2026-03;2026-04,4,FALSE,2026-01,2026-06,2026-07-15
S2S-00245,Piriform,PCC750-999,PCC750-999,Piriform CCleaner 750-999,royalty_export(shared SKU),2026-01-01,9999-12-31,TRUE,2026-01;2026-02;2026-03;2026-04;2026-05,5,FALSE,2026-01,2026-06,2026-07-15
S2S-00246,Piriform,TBSVPICCNM,PII-USD-M01-TBSVPICCNM,Piriform Ccleaner 1-99,royalty_export(shared SKU),2026-04-01,9999-12-31,TRUE,2026-04;2026-05,2,FALSE,2026-01,2026-06,2026-07-15
S2S-00247,StorageCraft,3PARTYONPREMDSKTOPST,3PARTYONPREMDSKTOPST,StrgCrft 5.0 Desktop Legacy,recon_row,2026-03-01,2026-03-31,FALSE,2026-03,1,FALSE,2026-01,2026-06,2026-07-15
S2S-00248,StorageCraft,BSBM50USNS011MZZZ,BSBM50USNS011MZZZ,ShadowProtect Desktop MSP V5.x,recon_row,2026-01-01,9999-12-31,TRUE,2026-01;2026-02;2026-03;2026-05,4,TRUE,2026-01,2026-06,2026-07-15
S2S-00249,StorageCraft,BSBM50USNS011MZZZ,SCB-USD-M01-TBSBSVRMSP,"ShadowProtect, Small Business Server License",recon_row,2026-02-01,2026-02-28,FALSE,2026-02,1,FALSE,2026-01,2026-06,2026-07-15
S2S-00250,StorageCraft,CSTM60USNS011MZZZ,CSTM60USNS011MZZZ,ShadowStream Advanced Replication,recon_row,2026-01-01,9999-12-31,TRUE,2026-01;2026-02;2026-03;2026-04;2026-05,5,FALSE,2026-01,2026-06,2026-07-15
S2S-00251,StorageCraft,CSTM60USNS011MZZZ,SCB-USD-M01-TBSPSSMMSP,"ImageManager ShadowStream, Advanced Replication",recon_row,2026-02-01,2026-02-28,FALSE,2026-02,1,FALSE,2026-01,2026-06,2026-07-15
S2S-00252,StorageCraft,DSDM50USNS011MZZZ,DSDM50USNS011MZZZ,StrgCrft ShadowProtect Dsktp MSP,recon_row,2026-01-01,9999-12-31,TRUE,2026-01;2026-02;2026-03;2026-04;2026-05,5,FALSE,2026-01,2026-06,2026-07-15
S2S-00253,StorageCraft,DSDM50USNS011MZZZ,SCB-USD-M01-TBSPDKTMSP,"ShadowProtect, Desktop License",recon_row,2026-02-01,2026-02-28,FALSE,2026-02,1,FALSE,2026-01,2026-06,2026-07-15
S2S-00254,StorageCraft,GMSP70USNS011MZZZ,SCB-CAD-M00-TBSPGREMSP,"ShadowProtect, Granular Recovery for Exchange",recon_row,2026-02-01,2026-02-28,FALSE,2026-02,1,FALSE,2026-01,2026-06,2026-07-15
S2S-00255,StorageCraft,GMSP70USNS011MZZZ,SCB-USD-M00-TBSPGREMSP,"ShadowProtect, Granular Recovery for Exchange",recon_row,2026-02-01,2026-02-28,FALSE,2026-02,1,FALSE,2026-01,2026-06,2026-07-15
S2S-00256,StorageCraft,KXDM00EUNS011MZZZ,SCB-AUD-M01-TBKXDMEUNS,SPX Desktop Edition,recon_row,2026-02-01,2026-02-28,FALSE,2026-02,1,FALSE,2026-01,2026-06,2026-07-15
S2S-00257,StorageCraft,KXDM00USNS011MZZZ,KXDM00USNS011MZZZ,SPX Desktop Edition,recon_row,2026-01-01,9999-12-31,TRUE,2026-01;2026-02;2026-03;2026-05,4,TRUE,2026-01,2026-06,2026-07-15
S2S-00258,StorageCraft,KXDM00USNS011MZZZ,SCB-CAD-M01-TBSPDKTMSP,"ShadowProtect, Desktop License",recon_row,2026-02-01,2026-02-28,FALSE,2026-02,1,FALSE,2026-01,2026-06,2026-07-15
S2S-00259,StorageCraft,KXDM00USNS011MZZZ,SCB-USD-M01-TBSPDKTMSP,"ShadowProtect, Desktop License",recon_row,2026-02-01,9999-12-31,TRUE,2026-02;2026-05,2,TRUE,2026-01,2026-06,2026-07-15
S2S-00260,StorageCraft,LEGACYSKULTSCDSK5,LEGACYSKULTSCDSK5,StorageCraft Desktop 5.0,recon_row,2026-03-01,2026-03-31,FALSE,2026-03,1,FALSE,2026-01,2026-06,2026-07-15
S2S-00261,StorageCraft,SSSM50USNS011MZZZ,SSSM50USNS011MZZZ,SP5 Server Edition,recon_row,2026-01-01,9999-12-31,TRUE,2026-01;2026-02;2026-03;2026-04;2026-05,5,FALSE,2026-01,2026-06,2026-07-15
S2S-00262,StorageCraft,SSSM50USNS011MZZZ,3PARTYONPREMSPSVRMSP,SP5 Server Edition,recon_row,2026-01-01,2026-02-28,FALSE,2026-01;2026-02,2,FALSE,2026-01,2026-06,2026-07-15
S2S-00263,StorageCraft,SSSM50USNS011MZZZ,SCB-USD-M01-TBSSSM50NS,"ShadowProtect SPX, Windows Physical Server License",recon_row,2026-02-01,2026-02-28,FALSE,2026-02,1,FALSE,2026-01,2026-06,2026-07-15
S2S-00264,StorageCraft,SSSM50USNS011MZZZ,SCB-USD-M02-TBSSSM50NS,"ShadowProtect SPX, Windows Physical Server License",recon_row,2026-02-01,2026-02-28,FALSE,2026-02,1,FALSE,2026-01,2026-06,2026-07-15
S2S-00265,StorageCraft,SSVM50USNS011MZZZ,SSVM50USNS011MZZZ,SP5 Virtual Server Edition,recon_row,2026-01-01,9999-12-31,TRUE,2026-01;2026-02;2026-03;2026-04;2026-05,5,FALSE,2026-01,2026-06,2026-07-15
S2S-00266,StorageCraft,SSVM50USNS011MZZZ,SCB-CAD-M00-TBVIRSVMSP,ShadowProtect Server Virtual,recon_row,2026-02-01,2026-02-28,FALSE,2026-02,1,FALSE,2026-01,2026-06,2026-07-15
S2S-00267,StorageCraft,SSVM50USNS011MZZZ,SCB-USD-M00-TBVIRSVMSP,ShadowProtect Server Virtual,recon_row,2026-02-01,9999-12-31,TRUE,2026-02;2026-05,2,TRUE,2026-01,2026-06,2026-07-15
S2S-00268,StorageCraft,XPBM00USNS011MZZZ,SCB-CAD-M01-TBSBSVRMSP,"ShadowProtect, Small Business Server License",recon_row,2026-02-01,2026-02-28,FALSE,2026-02,1,FALSE,2026-01,2026-06,2026-07-15
S2S-00269,StorageCraft,XPBM00USNS011MZZZ,SCB-USD-M01-TBSBSVRMSP,"ShadowProtect, Small Business Server License",recon_row,2026-02-01,2026-02-28,FALSE,2026-02,1,FALSE,2026-01,2026-06,2026-07-15
S2S-00270,StorageCraft,XPXW00EUNS011MZZZ,SCB-AUD-M01-TAXPXWEUNS,SPX Server Edition (Microsoft OS),recon_row,2026-02-01,2026-02-28,FALSE,2026-02,1,FALSE,2026-01,2026-06,2026-07-15
S2S-00271,StorageCraft,XPXW00USNS011MZZZ,XPXW00USNS011MZZZ,SPX Server Edition (Microsoft OS),recon_row,2026-01-01,9999-12-31,TRUE,2026-01;2026-02;2026-03;2026-05,4,TRUE,2026-01,2026-06,2026-07-15
S2S-00272,StorageCraft,XPXW00USNS011MZZZ,SCB-CAD-M01-TBSSSM50NS,"ShadowProtect SPX, Windows Physical Server License",recon_row,2026-02-01,2026-02-28,FALSE,2026-02,1,FALSE,2026-01,2026-06,2026-07-15
S2S-00273,StorageCraft,XPXW00USNS011MZZZ,SCB-USD-M01-TBSSSM50NS,"ShadowProtect SPX, Windows Physical Server License",recon_row,2026-02-01,9999-12-31,TRUE,2026-02;2026-05,2,TRUE,2026-01,2026-06,2026-07-15
S2S-00274,StorageCraft,XVWX00USNS011MZZZ,XVWX00USNS011MZZZ,SPX Virtual Server Edition (Microsoft OS),recon_row,2026-01-01,9999-12-31,TRUE,2026-01;2026-02;2026-03;2026-05,4,TRUE,2026-01,2026-06,2026-07-15
S2S-00275,StorageCraft,XVWX00USNS011MZZZ,SCB-CAD-M00-TAXVWXUSNS,"ShadowProtect SPX, Windows Virtual Server License",recon_row,2026-02-01,2026-02-28,FALSE,2026-02,1,FALSE,2026-01,2026-06,2026-07-15
S2S-00276,StorageCraft,XVWX00USNS011MZZZ,SCB-USD-M00-TAXVWXUSNS,"ShadowProtect SPX, Windows Virtual Server License",recon_row,2026-02-01,9999-12-31,TRUE,2026-02;2026-05,2,TRUE,2026-01,2026-06,2026-07-15
S2S-00277,Webroot CMS,,3P-SAAS30020015PARNT,Security Webroot Endpoint Protection,GSM_bucket,2026-01-01,2026-01-31,FALSE,2026-01,1,FALSE,2026-01,2026-06,2026-07-15
S2S-00278,Webroot CMS,,3P-SAAS30021010FFDNS,Webroot DNS,DNS_bucket,2026-01-01,9999-12-31,TRUE,2026-01;2026-02;2026-03;2026-04;2026-05,5,FALSE,2026-01,2026-06,2026-07-15
S2S-00279,Webroot CMS,,3P-SAAS30022019FFSAT,ConnectWise Webroot SAT-01-01-2015,SAT_bucket,2026-01-01,9999-12-31,TRUE,2026-01;2026-02;2026-03;2026-04;2026-05,5,FALSE,2026-01,2026-06,2026-07-15
S2S-00280,Webroot CMS,,3P-SAAS3002315EPPRMM,Webroot Endpoint Protection-(MDR) non-RMM-11-01-2015,GSM_bucket,2026-01-01,2026-01-31,FALSE,2026-01,1,FALSE,2026-01,2026-06,2026-07-15
S2S-00281,Webroot CMS,,CMS-EG-CYBR-SOLP-SAAS-MDRDSKTP,CMS EVG Webroot Endpoint Protection-(MDR) Desktop,GSM_bucket,2026-02-01,9999-12-31,TRUE,2026-02;2026-03;2026-04;2026-05,4,FALSE,2026-01,2026-06,2026-07-15
S2S-00282,Webroot CMS,,CMS-EG-CYBR-SOLP-SAAS-MDRSERVR,CMS EVG Webroot Endpoint Protection-(MDR) Server,GSM_bucket,2026-02-01,9999-12-31,TRUE,2026-02;2026-03;2026-04;2026-05,4,FALSE,2026-01,2026-06,2026-07-15
S2S-00283,Webroot CMS,,CMS-IH-CYBR-SOLP-SAAS-MDRDSKTP,CMS Webroot Endpoint Protection-(MDR) Desktop,GSM_bucket,2026-02-01,9999-12-31,TRUE,2026-02;2026-03;2026-04;2026-05,4,FALSE,2026-01,2026-06,2026-07-15
S2S-00284,Webroot CMS,,CMS-IH-CYBR-SOLP-SAAS-MDRSERVR,CMS Webroot Endpoint Protection-(MDR) Server,GSM_bucket,2026-02-01,9999-12-31,TRUE,2026-02;2026-03;2026-04;2026-05,4,FALSE,2026-01,2026-06,2026-07-15
S2S-00285,Webroot CMS,,CU-WEBROOT-EPP-RMM,Webroot Endpoint Protection- for CW RMM,GSM_bucket,2026-01-01,9999-12-31,TRUE,2026-01;2026-02;2026-03;2026-04;2026-05,5,FALSE,2026-01,2026-06,2026-07-15
S2S-00286,Webroot CMS,,CW-RMM-WR-EEP-OVERAG,Webroot Endpoint Protection-(MDR)- Overage for CW RMM,GSM_bucket,2026-01-01,9999-12-31,TRUE,2026-01;2026-02;2026-03;2026-04;2026-05,5,FALSE,2026-01,2026-06,2026-07-15
S2S-00287,Webroot CW,,3PARTYONPREMWRSECBEP,Webroot SecureAnywhere BEP,GSM_bucket,2026-01-01,9999-12-31,TRUE,2026-01;2026-02;2026-03;2026-04;2026-05,5,FALSE,2026-01,2026-06,2026-07-15
S2S-00288,Webroot CW,,3RDPARTYSAASIITBUEPP,Webroot Internal IT BEP or GSM,GSM_bucket,2026-01-01,9999-12-31,TRUE,2026-01;2026-02;2026-03;2026-04;2026-05,5,FALSE,2026-01,2026-06,2026-07-15
S2S-00289,Webroot CW,,3RDPARTYSAASIITBUMBP,Webroot Internal IT BMP,GSM_bucket,2026-01-01,9999-12-31,TRUE,2026-01;2026-02;2026-03;2026-04;2026-05,5,FALSE,2026-01,2026-06,2026-07-15
S2S-00290,Webroot CW,,SEWRSBEP00,Webroot SecureAnywhere Business Endpoint,GSM_bucket,2026-01-01,2026-04-30,FALSE,2026-01;2026-02;2026-03;2026-04,4,FALSE,2026-01,2026-06,2026-07-15
S2S-00291,Webroot CW,,SEWRSGSM,Webroot SecureAnywhere GSM Key Channel Distribution,GSM_bucket,2026-01-01,9999-12-31,TRUE,2026-01;2026-02;2026-03;2026-04;2026-05,5,FALSE,2026-01,2026-06,2026-07-15
S2S-00292,Webroot CW,,SEWRSGSM10,Webroot SecureAnywhere GSM Key 1-99  EPs,GSM_bucket,2026-01-01,9999-12-31,TRUE,2026-01;2026-02;2026-03;2026-04;2026-05,5,FALSE,2026-01,2026-06,2026-07-15
S2S-00293,Webroot CW,,SEWRSGSM100,Webroot SecureAnywhere GSM Key 100-249  EPs,GSM_bucket,2026-01-01,9999-12-31,TRUE,2026-01;2026-02;2026-03;2026-04;2026-05,5,FALSE,2026-01,2026-06,2026-07-15
S2S-00294,Webroot CW,,SEWRSGSM1000,Webroot SecureAnywhere GSM Key 1000-2499  EPs,GSM_bucket,2026-01-01,9999-12-31,TRUE,2026-01;2026-02;2026-03;2026-04;2026-05,5,FALSE,2026-01,2026-06,2026-07-15
S2S-00295,Webroot CW,,SEWRSGSM10000,Webroot SecureAnywhere GSM Key 10000-19999 Eps,GSM_bucket,2026-01-01,9999-12-31,TRUE,2026-01;2026-02;2026-03;2026-04;2026-05,5,FALSE,2026-01,2026-06,2026-07-15
S2S-00296,Webroot CW,,SEWRSGSM250,Webroot SecureAnywhere GSM Key 250-499  EPs,GSM_bucket,2026-01-01,9999-12-31,TRUE,2026-01;2026-02;2026-03;2026-04;2026-05,5,FALSE,2026-01,2026-06,2026-07-15
S2S-00297,Webroot CW,,SEWRSGSM2500,Webroot SecureAnywhere GSM Key 2500-4999  EPs,GSM_bucket,2026-01-01,9999-12-31,TRUE,2026-01;2026-02;2026-03;2026-04;2026-05,5,FALSE,2026-01,2026-06,2026-07-15
S2S-00298,Webroot CW,,SEWRSGSM500,Webroot SecureAnywhere GSM Key 500-749  EPs,GSM_bucket,2026-01-01,9999-12-31,TRUE,2026-01;2026-02;2026-03;2026-04;2026-05,5,FALSE,2026-01,2026-06,2026-07-15
S2S-00299,Webroot CW,,SEWRSGSM5000,Webroot SecureAnywhere GSM Key 5000-9999  EPs,GSM_bucket,2026-01-01,9999-12-31,TRUE,2026-01;2026-02;2026-03;2026-04;2026-05,5,FALSE,2026-01,2026-06,2026-07-15
S2S-00300,Webroot CW,,SEWRSGSM750,Webroot SecureAnywhere GSM Key 750-999  EPs,GSM_bucket,2026-01-01,9999-12-31,TRUE,2026-01;2026-02;2026-03;2026-04;2026-05,5,FALSE,2026-01,2026-06,2026-07-15
S2S-00301,Webroot CW,,SEWRSSAT10,Webroot SecureAnywhere SecAwarenessTrain 1-99,SAT_bucket,2026-01-01,9999-12-31,TRUE,2026-01;2026-02;2026-03;2026-04;2026-05,5,FALSE,2026-01,2026-06,2026-07-15
S2S-00302,Webroot CW,,SEWRSSAT100,Webroot SecureAnywhere SecAwarenessTrain 100-249,SAT_bucket,2026-01-01,9999-12-31,TRUE,2026-01;2026-02;2026-03;2026-04;2026-05,5,FALSE,2026-01,2026-06,2026-07-15
S2S-00303,Webroot CW,,SEWRSSAT1000,Webroot SecureAnywhere SecAwarenessTrain 1000-2499,SAT_bucket,2026-01-01,2026-02-28,FALSE,2026-01;2026-02,2,FALSE,2026-01,2026-06,2026-07-15
S2S-00304,Webroot CW,,SEWRSSAT250,Webroot SecureAnywhere SecAwarenessTrain 250-499,SAT_bucket,2026-01-01,2026-04-30,FALSE,2026-01;2026-02;2026-03;2026-04,4,FALSE,2026-01,2026-06,2026-07-15
S2S-00305,Webroot CW,,SEWRSSAT2500,Webroot SecureAnywhere SecAwarenessTrain 2500-4999,SAT_bucket,2026-01-01,9999-12-31,TRUE,2026-01;2026-02;2026-03;2026-04;2026-05,5,FALSE,2026-01,2026-06,2026-07-15
S2S-00306,Webroot CW,,SEWRSSAT500,Webroot SecureAnywhere SecAwarenessTrain 500-749,SAT_bucket,2026-01-01,9999-12-31,TRUE,2026-01;2026-02;2026-03;2026-04;2026-05,5,FALSE,2026-01,2026-06,2026-07-15
S2S-00307,Webroot CW,,SEWRSSAT750,Webroot SecureAnywhere SecAwarenessTrain 750-999,SAT_bucket,2026-01-01,9999-12-31,TRUE,2026-01;2026-02;2026-03;2026-04;2026-05,5,FALSE,2026-01,2026-06,2026-07-15
S2S-00308,Webroot CW,,SEWSABEP,Webroot SecureAnywhere Business End Point,GSM_bucket,2026-01-01,9999-12-31,TRUE,2026-01;2026-02;2026-03;2026-04;2026-05,5,FALSE,2026-01,2026-06,2026-07-15
S2S-00309,Webroot CW,,WRSECGSM10,Webroot SecureAnywhere GSM Key 10-99,GSM_bucket,2026-01-01,9999-12-31,TRUE,2026-01;2026-02;2026-03;2026-04;2026-05,5,FALSE,2026-01,2026-06,2026-07-15
S2S-00310,Webroot CW,,WRSECGSM100,Webroot SecureAnywhere GSM Key 100-249,GSM_bucket,2026-01-01,9999-12-31,TRUE,2026-01;2026-02;2026-03;2026-04;2026-05,5,FALSE,2026-01,2026-06,2026-07-15
S2S-00311,Webroot CW,,WRSECGSM1000,Webroot SecureAnywhere GSM Key 1000+,GSM_bucket,2026-01-01,9999-12-31,TRUE,2026-01;2026-02;2026-03;2026-04;2026-05,5,FALSE,2026-01,2026-06,2026-07-15
S2S-00312,Webroot CW,,WRSECGSM250,Webroot SecureAnywhere GSM Key 250-499,GSM_bucket,2026-01-01,9999-12-31,TRUE,2026-01;2026-02;2026-03;2026-04;2026-05,5,FALSE,2026-01,2026-06,2026-07-15
S2S-00313,Webroot CW,,WRSECGSM500,Webroot SecureAnywhere GSM Key 500-749,GSM_bucket,2026-01-01,9999-12-31,TRUE,2026-01;2026-02;2026-03;2026-04;2026-05,5,FALSE,2026-01,2026-06,2026-07-15
S2S-00314,Webroot CW,,WRSECGSM750,Webroot SecureAnywhere GSM Key 750-999,GSM_bucket,2026-01-01,9999-12-31,TRUE,2026-01;2026-02;2026-03;2026-04;2026-05,5,FALSE,2026-01,2026-06,2026-07-15
S2S-00315,Webroot CW,,WSADNSP,Webroot GSM integrated Webroot SecureAnywhere DNS,DNS_bucket,2026-01-01,9999-12-31,TRUE,2026-01;2026-02;2026-03;2026-04;2026-05,5,FALSE,2026-01,2026-06,2026-07-15
S2S-00316,Webroot CW,,WSADNSP-STAND-ALONE,Webroot SecureAnywhere DNS,DNS_bucket,2026-01-01,9999-12-31,TRUE,2026-01;2026-02;2026-03;2026-04;2026-05,5,FALSE,2026-01,2026-06,2026-07-15
S2S-00317,Webroot CW,,WSADNSPSTANDAL-00001,Webroot SecureAnywhere DNS - 1-99 EPs,DNS_bucket,2026-01-01,9999-12-31,TRUE,2026-01;2026-02;2026-03;2026-04;2026-05,5,FALSE,2026-01,2026-06,2026-07-15
S2S-00318,Webroot CW,,WSADNSPSTANDAL-00100,Webroot SecureAnywhere DNS - 100-249 EPs,DNS_bucket,2026-01-01,9999-12-31,TRUE,2026-01;2026-02;2026-03;2026-04;2026-05,5,FALSE,2026-01,2026-06,2026-07-15
S2S-00319,Webroot CW,,WSADNSPSTANDAL-00250,Webroot SecureAnywhere DNS - 250-499 EPs,DNS_bucket,2026-01-01,9999-12-31,TRUE,2026-01;2026-02;2026-03;2026-04;2026-05,5,FALSE,2026-01,2026-06,2026-07-15
S2S-00320,Webroot CW,,WSADNSPSTANDAL-00500,Webroot SecureAnywhere DNS - 500-749 EPs,DNS_bucket,2026-01-01,9999-12-31,TRUE,2026-01;2026-02;2026-03;2026-04;2026-05,5,FALSE,2026-01,2026-06,2026-07-15
S2S-00321,Webroot CW,,WSADNSPSTANDAL-02500,Webroot SecureAnywhere DNS - 2500-4999 EPs,DNS_bucket,2026-01-01,9999-12-31,TRUE,2026-01;2026-02;2026-03;2026-04;2026-05,5,FALSE,2026-01,2026-06,2026-07-15
S2S-00322,Webroot CW,,WSADNSPSTANDALONEIIT,Webroot SecureAnywhere DNS IIT,DNS_bucket,2026-01-01,9999-12-31,TRUE,2026-01;2026-02;2026-03;2026-04;2026-05,5,FALSE,2026-01,2026-06,2026-07-15
