map_row_id,vendor,vendor_sku_or_product,product_family,cw_product_or_charge,reconciliation_grain,valid_from,valid_to,is_current,months_observed,observed_month_count,has_month_gap,data_window_start,data_window_end,seed_generated_on
S2P-00001,Acronis,SBDAMSENS,,,,2026-03-01,2026-05-31,FALSE,2026-03;2026-04;2026-05,3,FALSE,2026-01,2026-06,2026-07-15
S2P-00002,Acronis,SBDBMSENS,Solution-based,,Backup and Disaster Recovery - VMs protected (Acronis Storage G1),2026-01-01,2026-05-31,FALSE,2026-01;2026-02;2026-03;2026-04;2026-05,5,FALSE,2026-01,2026-06,2026-07-15
S2P-00003,Acronis,SBDCMSENS,Solution-based,,Backup and Disaster Recovery - Workstations protected (Acronis Storage G1),2026-01-01,2026-05-31,FALSE,2026-01;2026-02;2026-03;2026-04;2026-05,5,FALSE,2026-01,2026-06,2026-07-15
S2P-00004,Acronis,SBDDMSENS,Solution-based,,Backup and Disaster Recovery - Microsoft 365 Seats protected (Acronis Storage G1),2026-01-01,2026-05-31,FALSE,2026-01;2026-02;2026-03;2026-04;2026-05,5,FALSE,2026-01,2026-06,2026-07-15
S2P-00005,Acronis,SCVAMSENS,,,,2026-01-01,2026-05-31,FALSE,2026-01;2026-02;2026-03;2026-04;2026-05,5,FALSE,2026-01,2026-06,2026-07-15
S2P-00006,Acronis,SESDMSENS,,,,2026-03-01,2026-04-30,FALSE,2026-03;2026-04,2,FALSE,2026-01,2026-06,2026-07-15
S2P-00007,Acronis,SH1AMSENS,,,,2026-03-01,2026-05-31,FALSE,2026-03;2026-04;2026-05,3,FALSE,2026-01,2026-06,2026-07-15
S2P-00008,Acronis,SHAAMSENS,,,,2026-03-01,2026-05-31,FALSE,2026-03;2026-04;2026-05,3,FALSE,2026-01,2026-06,2026-07-15
S2P-00009,Acronis,SHJAMSENS,,,,2026-01-01,2026-05-31,FALSE,2026-01;2026-02;2026-03;2026-04;2026-05,5,FALSE,2026-01,2026-06,2026-07-15
S2P-00010,Acronis,SPSAMSENS,,,,2026-01-01,2026-05-31,FALSE,2026-01;2026-02;2026-03;2026-04;2026-05,5,FALSE,2026-01,2026-06,2026-07-15
S2P-00011,Acronis,SPZBMSENS,,,,2026-04-01,2026-05-31,FALSE,2026-04;2026-05,2,FALSE,2026-01,2026-06,2026-07-15
S2P-00012,Acronis,SQ6AMSENS,,,,2026-01-01,2026-05-31,FALSE,2026-01;2026-02;2026-03;2026-04;2026-05,5,FALSE,2026-01,2026-06,2026-07-15
S2P-00013,Acronis,SQACMSENS,,,,2026-01-01,2026-05-31,FALSE,2026-01;2026-02;2026-03;2026-04;2026-05,5,FALSE,2026-01,2026-06,2026-07-15
S2P-00014,Acronis,SR3AMSENS,,,,2026-01-01,2026-05-31,FALSE,2026-01;2026-02;2026-03;2026-04;2026-05,5,FALSE,2026-01,2026-06,2026-07-15
S2P-00015,Acronis,SRDUMSENS,Per workload,,Direct Backup to Public Cloud servers protected,2026-01-01,9999-12-31,TRUE,2026-01;2026-02;2026-03;2026-04;2026-05;2026-06,6,FALSE,2026-01,2026-06,2026-07-15
S2P-00016,Acronis,SREUMSENS,Per workload,,Direct Backup to Public Cloud VMs protected,2026-01-01,9999-12-31,TRUE,2026-01;2026-02;2026-03;2026-04;2026-05;2026-06,6,FALSE,2026-01,2026-06,2026-07-15
S2P-00017,Acronis,SRFUMSENS,Per workload,,Direct Backup to Public Cloud workstations protected,2026-01-01,9999-12-31,TRUE,2026-01;2026-02;2026-03;2026-04;2026-05;2026-06,6,FALSE,2026-01,2026-06,2026-07-15
S2P-00018,Acronis,SRXAMSENS,,,,2026-01-01,2026-05-31,FALSE,2026-01;2026-02;2026-03;2026-04;2026-05,5,FALSE,2026-01,2026-06,2026-07-15
S2P-00019,Auvik CMS,,Billable,ConnectWise Command Networks Package MSP 250 (Recurring)Fixed Price,FAMILY,2026-01-01,9999-12-31,TRUE,2026-01;2026-02;2026-03;2026-04;2026-05;2026-06,6,FALSE,2026-01,2026-06,2026-07-15
S2P-00020,Auvik CMS,,Billable,Command for Network Package MSP 10 (Recurring)Fixed Price,FAMILY,2026-01-01,9999-12-31,TRUE,2026-01;2026-02;2026-03;2026-04;2026-05;2026-06,6,FALSE,2026-01,2026-06,2026-07-15
S2P-00021,Auvik CMS,,Billable,M2M-ConnectWise Command Networks Elite (Total Cost),FAMILY,2026-01-01,2026-02-28,FALSE,2026-01;2026-02,2,FALSE,2026-01,2026-06,2026-07-15
S2P-00022,Auvik CMS,,Billable,ConnectWise RMM Networks Package MSP 10 (Recurring)Fixed Price,FAMILY,2026-01-01,9999-12-31,TRUE,2026-01;2026-02;2026-03;2026-04;2026-05;2026-06,6,FALSE,2026-01,2026-06,2026-07-15
S2P-00023,Auvik CMS,,Billable,ConnectWise RMM Networks Package MSP 750 (Recurring)Fixed Price,FAMILY,2026-01-01,9999-12-31,TRUE,2026-01;2026-02;2026-03;2026-04;2026-05;2026-06,6,FALSE,2026-01,2026-06,2026-07-15
S2P-00024,Auvik CMS,,Billable,ConnectWise RMM Networks Package MSP 40 (Recurring)Fixed Price,FAMILY,2026-01-01,9999-12-31,TRUE,2026-01;2026-02;2026-03;2026-04;2026-05;2026-06,6,FALSE,2026-01,2026-06,2026-07-15
S2P-00025,Auvik CMS,,Billable,ConnectWise RMM Networks Package MSP 150 (Recurring)Fixed Price,FAMILY,2026-01-01,9999-12-31,TRUE,2026-01;2026-02;2026-03;2026-04;2026-05;2026-06,6,FALSE,2026-01,2026-06,2026-07-15
S2P-00026,Auvik CMS,,Billable,RMM Network Care Unmapped Sites (Total Cost),FAMILY,2026-01-01,2026-02-28,FALSE,2026-01;2026-02,2,FALSE,2026-01,2026-06,2026-07-15
S2P-00027,Auvik CMS,,Billable,ConnectWise RMM Networks Package MSP 75 (Recurring)Fixed Price,FAMILY,2026-01-01,9999-12-31,TRUE,2026-01;2026-02;2026-03;2026-04;2026-05;2026-06,6,FALSE,2026-01,2026-06,2026-07-15
S2P-00028,Auvik CMS,,Billable,ConnectWise RMM Networks Package MSP 100 (Usage)AdditionalCharge -- Overage,FAMILY,2026-01-01,9999-12-31,TRUE,2026-01;2026-02;2026-03;2026-04;2026-05;2026-06,6,FALSE,2026-01,2026-06,2026-07-15
S2P-00029,Auvik CMS,,Billable,ConnectWise RMM Networks Package MSP 100 (Recurring)Fixed Price,FAMILY,2026-01-01,9999-12-31,TRUE,2026-01;2026-02;2026-03;2026-04;2026-05;2026-06,6,FALSE,2026-01,2026-06,2026-07-15
S2P-00030,Auvik CMS,,Billable,ConnectWise RMM Networks Package MSP 500 (Recurring)Fixed Price,FAMILY,2026-01-01,9999-12-31,TRUE,2026-01;2026-02;2026-03;2026-04;2026-05;2026-06,6,FALSE,2026-01,2026-06,2026-07-15
S2P-00031,Auvik CMS,,Billable,ConnectWise Command Networks Package MSP 10 (Recurring)Fixed Price,FAMILY,2026-01-01,9999-12-31,TRUE,2026-01;2026-02;2026-03;2026-04;2026-05;2026-06,6,FALSE,2026-01,2026-06,2026-07-15
S2P-00032,Auvik CMS,,Billable,ConnectWise RMM Networks Package MSP 175 (Recurring)Fixed Price,FAMILY,2026-01-01,9999-12-31,TRUE,2026-01;2026-02;2026-03;2026-04;2026-05;2026-06,6,FALSE,2026-01,2026-06,2026-07-15
S2P-00033,Auvik CMS,,Billable,ConnectWise Command Networks Package MSP 175 (Usage)AdditionalCharge -- Overage,FAMILY,2026-01-01,9999-12-31,TRUE,2026-01;2026-02;2026-03;2026-04;2026-05;2026-06,6,FALSE,2026-01,2026-06,2026-07-15
S2P-00034,Auvik CMS,,Billable,Command for Network (Total Cost),FAMILY,2026-01-01,2026-02-28,FALSE,2026-01;2026-02,2,FALSE,2026-01,2026-06,2026-07-15
S2P-00035,Auvik CMS,,Billable,ConnectWise RMM Networks Package MSP 250 (Recurring)Fixed Price,FAMILY,2026-01-01,9999-12-31,TRUE,2026-01;2026-02;2026-03;2026-04;2026-05;2026-06,6,FALSE,2026-01,2026-06,2026-07-15
S2P-00036,Auvik CMS,,Billable,ConnectWise RMM Networks Package MSP 10 (Usage)AdditionalCharge -- Overage,FAMILY,2026-01-01,9999-12-31,TRUE,2026-01;2026-02;2026-03;2026-04;2026-05;2026-06,6,FALSE,2026-01,2026-06,2026-07-15
S2P-00037,Auvik CMS,,Billable,ConnectWise RMM Networks Package MSP 40 (Usage)AdditionalCharge -- Overage,FAMILY,2026-01-01,9999-12-31,TRUE,2026-01;2026-02;2026-03;2026-04;2026-05;2026-06,6,FALSE,2026-01,2026-06,2026-07-15
S2P-00038,Auvik CMS,,Billable,ConnectWise RMM Networks Package MSP 250 (Usage)AdditionalCharge -- Overage,FAMILY,2026-01-01,9999-12-31,TRUE,2026-01;2026-02;2026-03;2026-04;2026-05;2026-06,6,FALSE,2026-01,2026-06,2026-07-15
S2P-00039,Auvik CMS,,Billable,ConnectWise Command Networks Package MSP 150 (Recurring)Fixed Price,FAMILY,2026-01-01,2026-03-31,FALSE,2026-01;2026-02;2026-03,3,FALSE,2026-01,2026-06,2026-07-15
S2P-00040,Auvik CMS,,Billable,Command for Network Elite (Total Cost),FAMILY,2026-01-01,2026-02-28,FALSE,2026-01;2026-02,2,FALSE,2026-01,2026-06,2026-07-15
S2P-00041,Auvik CMS,,Billable,ConnectWise Command Networks Package MSP 40 (Usage)AdditionalCharge -- Overage,FAMILY,2026-01-01,9999-12-31,TRUE,2026-01;2026-02;2026-03;2026-04;2026-05;2026-06,6,FALSE,2026-01,2026-06,2026-07-15
S2P-00042,Auvik CMS,,Billable,ConnectWise Command Networks Package MSP 10 (Usage)AdditionalCharge -- Overage,FAMILY,2026-01-01,9999-12-31,TRUE,2026-01;2026-02;2026-03;2026-04;2026-05;2026-06,6,FALSE,2026-01,2026-06,2026-07-15
S2P-00043,Auvik CMS,,Billable,Command for Network Package MSP 40 (Usage)AdditionalCharge -- Overage,FAMILY,2026-01-01,9999-12-31,TRUE,2026-01;2026-02;2026-03;2026-04;2026-05;2026-06,6,FALSE,2026-01,2026-06,2026-07-15
S2P-00044,Auvik CMS,,Billable,ConnectWise RMM Networks Package MSP 175 (Usage)AdditionalCharge -- Overage,FAMILY,2026-01-01,9999-12-31,TRUE,2026-01;2026-02;2026-03;2026-04;2026-05;2026-06,6,FALSE,2026-01,2026-06,2026-07-15
S2P-00045,Auvik CMS,,Billable,ConnectWise RMM Networks Package MSP 75 (Usage)AdditionalCharge -- Overage,FAMILY,2026-01-01,9999-12-31,TRUE,2026-01;2026-02;2026-03;2026-04;2026-05;2026-06,6,FALSE,2026-01,2026-06,2026-07-15
S2P-00046,Auvik CMS,,Billable,ConnectWise Command Networks Package MSP 1000 (Recurring)Fixed Price,FAMILY,2026-01-01,9999-12-31,TRUE,2026-01;2026-02;2026-03;2026-04;2026-05;2026-06,6,FALSE,2026-01,2026-06,2026-07-15
S2P-00047,Auvik CMS,,Billable,ConnectWise RMM Networks Package MSP 1000 (Recurring)Fixed Price,FAMILY,2026-01-01,9999-12-31,TRUE,2026-01;2026-02;2026-03;2026-04;2026-05;2026-06,6,FALSE,2026-01,2026-06,2026-07-15
S2P-00048,Auvik CMS,,Billable,ConnectWise RMM Networks Package MSP 500 (Usage)AdditionalCharge -- Overage,FAMILY,2026-01-01,9999-12-31,TRUE,2026-01;2026-02;2026-03;2026-04;2026-05;2026-06,6,FALSE,2026-01,2026-06,2026-07-15
S2P-00049,Auvik CMS,,Billable,ConnectWise RMM Networks Package MSP 1000 (Usage)AdditionalCharge -- Overage,FAMILY,2026-01-01,9999-12-31,TRUE,2026-01;2026-02;2026-03;2026-04;2026-05;2026-06,6,FALSE,2026-01,2026-06,2026-07-15
S2P-00050,Auvik CMS,,Billable,ConnectWise Command Networks Package MSP 500 (Recurring)Fixed Price,FAMILY,2026-01-01,9999-12-31,TRUE,2026-01;2026-02;2026-03;2026-04;2026-05;2026-06,6,FALSE,2026-01,2026-06,2026-07-15
S2P-00051,Auvik CMS,,Billable,Command for Network Package MSP 100 (Usage)AdditionalCharge -- Overage,FAMILY,2026-01-01,9999-12-31,TRUE,2026-01;2026-02;2026-03;2026-04;2026-05;2026-06,6,FALSE,2026-01,2026-06,2026-07-15
S2P-00052,Auvik CMS,,Billable,ConnectWise RMM Networks Package MSP 1500 (Recurring)Fixed Price,FAMILY,2026-01-01,9999-12-31,TRUE,2026-01;2026-02;2026-03;2026-04;2026-05;2026-06,6,FALSE,2026-01,2026-06,2026-07-15
S2P-00053,Auvik CMS,,Billable,ConnectWise RMM Networks Package MSP 1500 (Usage)AdditionalCharge -- Overage,FAMILY,2026-01-01,2026-04-30,FALSE,2026-01;2026-02;2026-03;2026-04,4,FALSE,2026-01,2026-06,2026-07-15
S2P-00054,Auvik CMS,,Billable,CMS EVG ConnectWise RMM Network - Unmapped Sites,FAMILY,2026-04-01,9999-12-31,TRUE,2026-04;2026-05;2026-06,3,FALSE,2026-01,2026-06,2026-07-15
S2P-00055,Auvik CMS,,Billable,CMS EVG ConnectWise RMM Networks,FAMILY,2026-04-01,9999-12-31,TRUE,2026-04;2026-05;2026-06,3,FALSE,2026-01,2026-06,2026-07-15
S2P-00056,Auvik CMS,,Billable,CMS ConnectWise RMM Networks,FAMILY,2026-04-01,9999-12-31,TRUE,2026-04;2026-06,2,TRUE,2026-01,2026-06,2026-07-15
S2P-00057,Auvik CMS,,Billable,ConnectWise RMM Networks Package MSP 750 (Usage)AdditionalCharge -- Overage,FAMILY,2026-04-01,9999-12-31,TRUE,2026-04;2026-05;2026-06,3,FALSE,2026-01,2026-06,2026-07-15
S2P-00058,Auvik CMS,,Billable,CMS ConnectWise RMM Network - Unmapped Sites,FAMILY,2026-04-01,2026-04-30,FALSE,2026-04,1,FALSE,2026-01,2026-06,2026-07-15
S2P-00059,Auvik CMS,,Billable,CMS EVG ConnectWise RMM Networks Elite,FAMILY,2026-04-01,9999-12-31,TRUE,2026-04;2026-05;2026-06,3,FALSE,2026-01,2026-06,2026-07-15
S2P-00060,Auvik CMS,,Billable,ConnectWise Command Networks Package MSP 250 (Usage)AdditionalCharge -- Overage,FAMILY,2026-05-01,9999-12-31,TRUE,2026-05;2026-06,2,FALSE,2026-01,2026-06,2026-07-15
S2P-00061,Auvik CMS,,Billable,ConnectWise Command? Networks Package MSP 1500 (Usage)AdditionalCharge,FAMILY,2026-05-01,2026-05-31,FALSE,2026-05,1,FALSE,2026-01,2026-06,2026-07-15
S2P-00062,Auvik CMS,,Billable,ConnectWise RMM Servers Elite,FAMILY,2026-06-01,9999-12-31,TRUE,2026-06,1,FALSE,2026-01,2026-06,2026-07-15
S2P-00063,Auvik CMS,,Performance,ConnectWise Command Networks Package MSP 250 (Usage)Performance,FAMILY,2026-01-01,9999-12-31,TRUE,2026-01;2026-02;2026-03;2026-04;2026-05;2026-06,6,FALSE,2026-01,2026-06,2026-07-15
S2P-00064,Auvik CMS,,Performance,ConnectWise RMM Networks Package MSP 100 (Usage)Performance,FAMILY,2026-01-01,9999-12-31,TRUE,2026-01;2026-02;2026-03;2026-04;2026-05;2026-06,6,FALSE,2026-01,2026-06,2026-07-15
S2P-00065,Auvik CMS,,Performance,ConnectWise RMM Networks Package MSP 175 (Usage)Performance,FAMILY,2026-01-01,9999-12-31,TRUE,2026-01;2026-02;2026-03;2026-04;2026-05;2026-06,6,FALSE,2026-01,2026-06,2026-07-15
S2P-00066,Auvik CMS,,Performance,ConnectWise Command Networks Package MSP 150 (Usage)Performance,FAMILY,2026-01-01,2026-03-31,FALSE,2026-01;2026-02;2026-03,3,FALSE,2026-01,2026-06,2026-07-15
S2P-00067,Auvik CMS,,Performance,ConnectWise RMM Networks Package MSP 10 (Usage)Performance,FAMILY,2026-01-01,2026-02-28,FALSE,2026-01;2026-02,2,FALSE,2026-01,2026-06,2026-07-15
S2P-00068,Auvik CMS,,Performance,Command for Network Package MSP 40 (Usage)Performance,FAMILY,2026-01-01,2026-01-31,FALSE,2026-01,1,FALSE,2026-01,2026-06,2026-07-15
S2P-00069,Auvik CMS,,Performance,Command for Network Package MSP 10 (Usage)Performance,FAMILY,2026-01-01,2026-05-31,FALSE,2026-01;2026-02;2026-03;2026-04;2026-05,5,FALSE,2026-01,2026-06,2026-07-15
S2P-00070,Auvik CMS,,Performance,ConnectWise RMM Networks Package MSP 40 (Usage)Performance,FAMILY,2026-01-01,9999-12-31,TRUE,2026-01;2026-02;2026-03;2026-04;2026-05;2026-06,6,FALSE,2026-01,2026-06,2026-07-15
S2P-00071,Auvik CMS,,Performance,ConnectWise Command Networks Package MSP 10 (Usage)Performance,FAMILY,2026-01-01,9999-12-31,TRUE,2026-01;2026-02;2026-03;2026-04;2026-05;2026-06,6,FALSE,2026-01,2026-06,2026-07-15
S2P-00072,Auvik CMS,,Performance,ConnectWise RMM Networks Package MSP 250 (Usage)Performance,FAMILY,2026-01-01,9999-12-31,TRUE,2026-01;2026-02;2026-03;2026-04;2026-05;2026-06,6,FALSE,2026-01,2026-06,2026-07-15
S2P-00073,Auvik CMS,,Performance,ConnectWise RMM Networks Package MSP 500 (Usage)Performance,FAMILY,2026-01-01,9999-12-31,TRUE,2026-01;2026-02;2026-03;2026-04;2026-05;2026-06,6,FALSE,2026-01,2026-06,2026-07-15
S2P-00074,Auvik CMS,,Performance,ConnectWise RMM Networks Package MSP 1000 (Usage)Performance,FAMILY,2026-01-01,2026-01-31,FALSE,2026-01,1,FALSE,2026-01,2026-06,2026-07-15
S2P-00075,Auvik CMS,,Performance,RMM Network Care Auvik Performance Unmapped (Total Cost),FAMILY,2026-01-01,2026-02-28,FALSE,2026-01;2026-02,2,FALSE,2026-01,2026-06,2026-07-15
S2P-00076,Auvik CMS,,Performance,Command for Network Performance (Total Cost),FAMILY,2026-02-01,2026-02-28,FALSE,2026-02,1,FALSE,2026-01,2026-06,2026-07-15
S2P-00077,Auvik CMS,,Performance,CMS EVG ConnectWise RMM Network - Performance Unmapped,FAMILY,2026-04-01,9999-12-31,TRUE,2026-04;2026-05;2026-06,3,FALSE,2026-01,2026-06,2026-07-15
S2P-00078,Auvik CMS,,Performance,CMS ConnectWise RMM Networks Performance,FAMILY,2026-04-01,9999-12-31,TRUE,2026-04;2026-05;2026-06,3,FALSE,2026-01,2026-06,2026-07-15
S2P-00079,Auvik CMS,ANM Essentials,Billable,,FAMILY,2026-01-01,9999-12-31,TRUE,2026-01;2026-02;2026-03;2026-04;2026-05;2026-06,6,FALSE,2026-01,2026-06,2026-07-15
S2P-00080,Auvik CMS,ANM Essentials - Evergreen,Billable,,FAMILY,2026-01-01,9999-12-31,TRUE,2026-01;2026-02;2026-03;2026-04;2026-05;2026-06,6,FALSE,2026-01,2026-06,2026-07-15
S2P-00081,Auvik CMS,ANM Full Performance - Evergreen,Performance,,FAMILY,2026-02-01,9999-12-31,TRUE,2026-02;2026-03;2026-04;2026-05;2026-06,5,FALSE,2026-01,2026-06,2026-07-15
S2P-00082,Auvik CMS,ANM Performance Add-Ons,Performance,,FAMILY,2026-01-01,9999-12-31,TRUE,2026-01;2026-02;2026-03;2026-04;2026-05;2026-06,6,FALSE,2026-01,2026-06,2026-07-15
S2P-00083,Auvik CMS,ANM Performance Add-Ons - Evergreen,Performance,,FAMILY,2026-02-01,9999-12-31,TRUE,2026-02;2026-03;2026-04;2026-05;2026-06,5,FALSE,2026-01,2026-06,2026-07-15
S2P-00084,Auvik CMS,Auvik SaaS Management - Evergreen,ASM,,FAMILY,2026-02-01,9999-12-31,TRUE,2026-02;2026-03;2026-04;2026-05;2026-06,5,FALSE,2026-01,2026-06,2026-07-15
S2P-00085,Auvik CMS,COANM-0 Additional Billable Devices,Billable,,FAMILY,2026-01-01,2026-01-31,FALSE,2026-01,1,FALSE,2026-01,2026-06,2026-07-15
S2P-00086,Auvik CMS,COANM-0 Additional Performance Add-Ons,Performance,,FAMILY,2026-01-01,2026-01-31,FALSE,2026-01,1,FALSE,2026-01,2026-06,2026-07-15
S2P-00087,Auvik CMS,COANM-0 Committed Billable Devices,Billable,,FAMILY,2026-01-01,2026-03-31,FALSE,2026-01;2026-02;2026-03,3,FALSE,2026-01,2026-06,2026-07-15
S2P-00088,Auvik CMS,COANM-1 Additional Billable Devices,Billable,,FAMILY,2026-01-01,2026-04-30,FALSE,2026-01;2026-02;2026-04,3,TRUE,2026-01,2026-06,2026-07-15
S2P-00089,Auvik CMS,COANM-1 Committed Billable Devices,Billable,,FAMILY,2026-01-01,9999-12-31,TRUE,2026-01;2026-02;2026-03;2026-04;2026-05;2026-06,6,FALSE,2026-01,2026-06,2026-07-15
S2P-00090,Auvik CMS,COANM-2 Additional Billable Devices,Billable,,FAMILY,2026-01-01,9999-12-31,TRUE,2026-01;2026-02;2026-03;2026-04;2026-05;2026-06,6,FALSE,2026-01,2026-06,2026-07-15
S2P-00091,Auvik CMS,COANM-2 Committed Billable Devices,Billable,,FAMILY,2026-01-01,9999-12-31,TRUE,2026-01;2026-02;2026-03;2026-04;2026-05;2026-06,6,FALSE,2026-01,2026-06,2026-07-15
S2P-00092,Auvik CMS,COANM-3 Additional Billable Devices,Billable,,FAMILY,2026-01-01,2026-01-31,FALSE,2026-01,1,FALSE,2026-01,2026-06,2026-07-15
S2P-00093,Auvik CMS,COANM-3 Additional Performance Add-Ons,Performance,,FAMILY,2026-01-01,2026-02-28,FALSE,2026-01;2026-02,2,FALSE,2026-01,2026-06,2026-07-15
S2P-00094,Auvik CMS,COANM-3 Committed Billable Devices,Billable,,FAMILY,2026-01-01,2026-02-28,FALSE,2026-01;2026-02,2,FALSE,2026-01,2026-06,2026-07-15
S2P-00095,Auvik CMS,COANM-4 Additional Billable Devices,Billable,,FAMILY,2026-01-01,2026-03-31,FALSE,2026-01;2026-02;2026-03,3,FALSE,2026-01,2026-06,2026-07-15
S2P-00096,Auvik CMS,COANM-4 Additional Performance Add-Ons,Performance,,FAMILY,2026-01-01,9999-12-31,TRUE,2026-01;2026-02;2026-03;2026-04;2026-05;2026-06,6,FALSE,2026-01,2026-06,2026-07-15
S2P-00097,Auvik CMS,COANM-4 Committed Billable Devices,Billable,,FAMILY,2026-01-01,2026-01-31,FALSE,2026-01,1,FALSE,2026-01,2026-06,2026-07-15
S2P-00098,Auvik CMS,COANM-5 Additional Billable Devices,Billable,,FAMILY,2026-01-01,2026-01-31,FALSE,2026-01,1,FALSE,2026-01,2026-06,2026-07-15
S2P-00099,Auvik CMS,COANM-5 Additional Performance Add-Ons,Performance,,FAMILY,2026-01-01,2026-01-31,FALSE,2026-01,1,FALSE,2026-01,2026-06,2026-07-15
S2P-00100,Auvik CMS,COANM-5 Committed Billable Devices,Billable,,FAMILY,2026-01-01,2026-01-31,FALSE,2026-01,1,FALSE,2026-01,2026-06,2026-07-15
S2P-00101,Auvik CMS,Continuum Monthly Plan,Billable,,FAMILY,2026-01-01,9999-12-31,TRUE,2026-01;2026-02;2026-03;2026-04;2026-05;2026-06,6,FALSE,2026-01,2026-06,2026-07-15
S2P-00102,Auvik CMS,EPRM-ANM-10 Auvik Essentials -- Committed,Billable,,FAMILY,2026-01-01,2026-01-31,FALSE,2026-01,1,FALSE,2026-01,2026-06,2026-07-15
S2P-00103,Auvik CMS,EPRM-ANM-10 Auvik Essentials -- Overage,Billable,,FAMILY,2026-01-01,2026-01-31,FALSE,2026-01,1,FALSE,2026-01,2026-06,2026-07-15
S2P-00104,Auvik CMS,EPRM-ANM-100 Auvik Essentials -- Committed,Billable,,FAMILY,2026-01-01,9999-12-31,TRUE,2026-01;2026-02;2026-03;2026-04;2026-05;2026-06,6,FALSE,2026-01,2026-06,2026-07-15
S2P-00105,Auvik CMS,EPRM-ANM-100 Auvik Essentials -- Overage,Billable,,FAMILY,2026-01-01,9999-12-31,TRUE,2026-01;2026-02;2026-03;2026-04;2026-05;2026-06,6,FALSE,2026-01,2026-06,2026-07-15
S2P-00106,Auvik CMS,EPRM-ANM-1000 Auvik Essentials -- Committed,Billable,,FAMILY,2026-01-01,9999-12-31,TRUE,2026-01;2026-02;2026-03;2026-04;2026-05;2026-06,6,FALSE,2026-01,2026-06,2026-07-15
S2P-00107,Auvik CMS,EPRM-ANM-1000 Auvik Essentials -- Overage,Billable,,FAMILY,2026-01-01,9999-12-31,TRUE,2026-01;2026-02;2026-03;2026-04;2026-05;2026-06,6,FALSE,2026-01,2026-06,2026-07-15
S2P-00108,Auvik CMS,EPRM-ANM-175 Auvik Essentials -- Committed,Billable,,FAMILY,2026-01-01,2026-04-30,FALSE,2026-01;2026-02;2026-03;2026-04,4,FALSE,2026-01,2026-06,2026-07-15
S2P-00109,Auvik CMS,EPRM-ANM-175 Auvik Essentials -- Overage,Billable,,FAMILY,2026-01-01,2026-04-30,FALSE,2026-01;2026-02;2026-03;2026-04,4,FALSE,2026-01,2026-06,2026-07-15
S2P-00110,Auvik CMS,EPRM-ANM-250 Auvik Essentials -- Committed,Billable,,FAMILY,2026-01-01,9999-12-31,TRUE,2026-01;2026-02;2026-03;2026-04;2026-05;2026-06,6,FALSE,2026-01,2026-06,2026-07-15
S2P-00111,Auvik CMS,EPRM-ANM-250 Auvik Essentials -- Overage,Billable,,FAMILY,2026-01-01,2026-04-30,FALSE,2026-01;2026-02;2026-03;2026-04,4,FALSE,2026-01,2026-06,2026-07-15
S2P-00112,Auvik CMS,EPRM-ANM-40 Auvik Essentials -- Committed,Billable,,FAMILY,2026-01-01,9999-12-31,TRUE,2026-01;2026-02;2026-03;2026-04;2026-05;2026-06,6,FALSE,2026-01,2026-06,2026-07-15
S2P-00113,Auvik CMS,EPRM-ANM-40 Auvik Essentials -- Overage,Billable,,FAMILY,2026-01-01,9999-12-31,TRUE,2026-01;2026-02;2026-03;2026-04;2026-05;2026-06,6,FALSE,2026-01,2026-06,2026-07-15
S2P-00114,Auvik CMS,EPRM-ANM-500 Auvik Essentials -- Committed,Billable,,FAMILY,2026-01-01,9999-12-31,TRUE,2026-01;2026-02;2026-03;2026-04;2026-05;2026-06,6,FALSE,2026-01,2026-06,2026-07-15
S2P-00115,Auvik CMS,EPRM-ANM-500 Auvik Essentials -- Overage,Billable,,FAMILY,2026-01-01,9999-12-31,TRUE,2026-01;2026-02;2026-03;2026-04;2026-05;2026-06,6,FALSE,2026-01,2026-06,2026-07-15
S2P-00116,Auvik CMS,EPRM-ANM-75 Auvik Essentials -- Committed,Billable,,FAMILY,2026-01-01,9999-12-31,TRUE,2026-01;2026-02;2026-03;2026-04;2026-05;2026-06,6,FALSE,2026-01,2026-06,2026-07-15
S2P-00117,Auvik CMS,EPRM-ANM-75 Auvik Essentials -- Overage,Billable,,FAMILY,2026-01-01,9999-12-31,TRUE,2026-01;2026-02;2026-03;2026-04;2026-05;2026-06,6,FALSE,2026-01,2026-06,2026-07-15
S2P-00118,Auvik CMS,EPRM-ANM-750 Auvik Essentials -- Committed,Billable,,FAMILY,2026-01-01,2026-01-31,FALSE,2026-01,1,FALSE,2026-01,2026-06,2026-07-15
S2P-00119,Auvik CMS,EPRM-ANM-750 Auvik Essentials -- Overage,Billable,,FAMILY,2026-01-01,2026-01-31,FALSE,2026-01,1,FALSE,2026-01,2026-06,2026-07-15
S2P-00120,Auvik CMS,ERM-ANM-250 Auvik Essentials -- Committed,Billable,,FAMILY,2026-01-01,2026-01-31,FALSE,2026-01,1,FALSE,2026-01,2026-06,2026-07-15
S2P-00121,Auvik CMS,ERM-ANM-40 Auvik Essentials -- Committed,Billable,,FAMILY,2026-01-01,2026-01-31,FALSE,2026-01,1,FALSE,2026-01,2026-06,2026-07-15
S2P-00122,Auvik CMS,ERM-ANM-500 Auvik Essentials -- Committed,Billable,,FAMILY,2026-01-01,2026-01-31,FALSE,2026-01,1,FALSE,2026-01,2026-06,2026-07-15
S2P-00123,Auvik CMS,ERM-ANM-500 Auvik Essentials -- Overage,Billable,,FAMILY,2026-01-01,2026-01-31,FALSE,2026-01,1,FALSE,2026-01,2026-06,2026-07-15
S2P-00124,Auvik CMS,Licenses,Billable,,FAMILY,2026-01-01,9999-12-31,TRUE,2026-01;2026-02;2026-03;2026-04;2026-05;2026-06,6,FALSE,2026-01,2026-06,2026-07-15
S2P-00125,Auvik CMS,Overage - ANM Essentials,Billable,,FAMILY,2026-01-01,9999-12-31,TRUE,2026-01;2026-02;2026-03;2026-04;2026-05;2026-06,6,FALSE,2026-01,2026-06,2026-07-15
S2P-00126,Auvik CMS,Overage - ANM Essentials Evergreen,Billable,,FAMILY,2026-01-01,9999-12-31,TRUE,2026-01;2026-02;2026-03;2026-04;2026-05;2026-06,6,FALSE,2026-01,2026-06,2026-07-15
S2P-00127,Auvik CMS,Overage - ANM Full Performance Evergreen,Performance,,FAMILY,2026-02-01,9999-12-31,TRUE,2026-02;2026-03;2026-04;2026-05;2026-06,5,FALSE,2026-01,2026-06,2026-07-15
S2P-00128,Auvik CMS,Overage - ANM Performance Add-On Evergreen,Performance,,FAMILY,2026-01-01,9999-12-31,TRUE,2026-01;2026-02;2026-03;2026-04;2026-05;2026-06,6,FALSE,2026-01,2026-06,2026-07-15
S2P-00129,Auvik CMS,Overage - ANM Performance Add-on,Performance,,FAMILY,2026-01-01,9999-12-31,TRUE,2026-01;2026-02;2026-03;2026-04;2026-05;2026-06,6,FALSE,2026-01,2026-06,2026-07-15
S2P-00130,Auvik CMS,Overage - Auvik SaaS Management Evergreen,ASM,,FAMILY,2026-02-01,9999-12-31,TRUE,2026-02;2026-03;2026-04;2026-05;2026-06,5,FALSE,2026-01,2026-06,2026-07-15
S2P-00131,Auvik CMS,PARM-ANM-10 Auvik Performance Add On,Performance,,FAMILY,2026-01-01,2026-01-31,FALSE,2026-01,1,FALSE,2026-01,2026-06,2026-07-15
S2P-00132,Auvik CMS,PARM-ANM-10 Auvik Performance Add On -- Overage,Performance,,FAMILY,2026-01-01,2026-01-31,FALSE,2026-01,1,FALSE,2026-01,2026-06,2026-07-15
S2P-00133,Auvik CMS,PARM-ANM-100 Auvik Performance Add On,Performance,,FAMILY,2026-01-01,9999-12-31,TRUE,2026-01;2026-02;2026-03;2026-04;2026-05;2026-06,6,FALSE,2026-01,2026-06,2026-07-15
S2P-00134,Auvik CMS,PARM-ANM-100 Auvik Performance Add On -- Overage,Performance,,FAMILY,2026-01-01,9999-12-31,TRUE,2026-01;2026-02;2026-03;2026-04;2026-05;2026-06,6,FALSE,2026-01,2026-06,2026-07-15
S2P-00135,Auvik CMS,PARM-ANM-1000 Auvik Performance Add On,Performance,,FAMILY,2026-01-01,9999-12-31,TRUE,2026-01;2026-02;2026-03;2026-04;2026-05;2026-06,6,FALSE,2026-01,2026-06,2026-07-15
S2P-00136,Auvik CMS,PARM-ANM-1000 Auvik Performance Add On -- Overage,Performance,,FAMILY,2026-01-01,9999-12-31,TRUE,2026-01;2026-02;2026-03;2026-04;2026-05;2026-06,6,FALSE,2026-01,2026-06,2026-07-15
S2P-00137,Auvik CMS,PARM-ANM-175 Auvik Performance Add On -- Overage,Performance,,FAMILY,2026-01-01,2026-02-28,FALSE,2026-01;2026-02,2,FALSE,2026-01,2026-06,2026-07-15
S2P-00138,Auvik CMS,PARM-ANM-250 Auvik Performance Add On -- Overage,Performance,,FAMILY,2026-01-01,2026-03-31,FALSE,2026-01;2026-02;2026-03,3,FALSE,2026-01,2026-06,2026-07-15
S2P-00139,Auvik CMS,PARM-ANM-40 Auvik Performance Add On,Performance,,FAMILY,2026-01-01,2026-01-31,FALSE,2026-01,1,FALSE,2026-01,2026-06,2026-07-15
S2P-00140,Auvik CMS,PARM-ANM-40 Auvik Performance Add On -- Overage,Performance,,FAMILY,2026-01-01,9999-12-31,TRUE,2026-01;2026-02;2026-03;2026-04;2026-05;2026-06,6,FALSE,2026-01,2026-06,2026-07-15
S2P-00141,Auvik CMS,PARM-ANM-500 Auvik Performance Add On -- Overage,Performance,,FAMILY,2026-01-01,9999-12-31,TRUE,2026-01;2026-02;2026-03;2026-04;2026-05;2026-06,6,FALSE,2026-01,2026-06,2026-07-15
S2P-00142,Auvik CMS,PARM-ANM-75 Auvik Performance Add On -- Overage,Performance,,FAMILY,2026-04-01,9999-12-31,TRUE,2026-04;2026-05;2026-06,3,FALSE,2026-01,2026-06,2026-07-15
S2P-00143,Auvik CMS,PRM-ANM-500 Auvik Performance -- Committed,Performance,,FAMILY,2026-01-01,2026-01-31,FALSE,2026-01,1,FALSE,2026-01,2026-06,2026-07-15
S2P-00144,Auvik CMS,PRM-ANM-500 Auvik Performance -- Overage,Performance,,FAMILY,2026-01-01,2026-01-31,FALSE,2026-01,1,FALSE,2026-01,2026-06,2026-07-15
S2P-00145,Auvik CMS,RM - ASM - 100 - Committed,ASM,,FAMILY,2026-01-01,2026-01-31,FALSE,2026-01,1,FALSE,2026-01,2026-06,2026-07-15
S2P-00146,Auvik CMS,RM - ASM - 250 - Committed,ASM,,FAMILY,2026-01-01,2026-01-31,FALSE,2026-01,1,FALSE,2026-01,2026-06,2026-07-15
S2P-00147,Auvik CMS,RM - ASM - 250 - Overage,ASM,,FAMILY,2026-01-01,2026-01-31,FALSE,2026-01,1,FALSE,2026-01,2026-06,2026-07-15
S2P-00148,Auvik CMS,RM - ASM - 50 - Committed,ASM,,FAMILY,2026-01-01,2026-01-31,FALSE,2026-01,1,FALSE,2026-01,2026-06,2026-07-15
S2P-00149,Auvik CMS,RM - ASM - 500 - Committed,ASM,,FAMILY,2026-01-01,9999-12-31,TRUE,2026-01;2026-02;2026-03;2026-04;2026-05;2026-06,6,FALSE,2026-01,2026-06,2026-07-15
S2P-00150,Auvik CMS,RM - ASM - 500 - Overage,ASM,,FAMILY,2026-04-01,2026-04-30,FALSE,2026-04,1,FALSE,2026-01,2026-06,2026-07-15
S2P-00151,Auvik CMS,SRM - ASM - MSP - Committed,ASM,,FAMILY,2026-01-01,2026-01-31,FALSE,2026-01,1,FALSE,2026-01,2026-06,2026-07-15
S2P-00152,Auvik CMS,Usage - Licenses,Billable,,FAMILY,2026-01-01,9999-12-31,TRUE,2026-01;2026-02;2026-03;2026-04;2026-05;2026-06,6,FALSE,2026-01,2026-06,2026-07-15
S2P-00153,Auvik CW,,ASM,Auvik SaaS Application Management,FAMILY,2026-01-01,9999-12-31,TRUE,2026-01;2026-02;2026-03;2026-04;2026-05;2026-06,6,FALSE,2026-01,2026-06,2026-07-15
S2P-00154,Auvik CW,,ASM,Auvik ASM - Standard - Committed,FAMILY,2026-01-01,9999-12-31,TRUE,2026-01;2026-02;2026-03;2026-04;2026-05;2026-06,6,FALSE,2026-01,2026-06,2026-07-15
S2P-00155,Auvik CW,,ASM,Auvik ASM - Standard - Committed -- Proration,FAMILY,2026-02-01,9999-12-31,TRUE,2026-02;2026-03;2026-05;2026-06,4,TRUE,2026-01,2026-06,2026-07-15
S2P-00156,Auvik CW,,ASM,Auvik SaaS Application Management -- Proration,FAMILY,2026-04-01,9999-12-31,TRUE,2026-04;2026-06,2,TRUE,2026-01,2026-06,2026-07-15
S2P-00157,Auvik CW,,ASM,Auvik ASM - Standard - Committed (IIT) -- Proration,FAMILY,2026-04-01,2026-04-30,FALSE,2026-04,1,FALSE,2026-01,2026-06,2026-07-15
S2P-00158,Auvik CW,,Billable,Auvik Essentials -- Proration,FAMILY,2026-01-01,9999-12-31,TRUE,2026-01;2026-02;2026-03;2026-04;2026-05;2026-06,6,FALSE,2026-01,2026-06,2026-07-15
S2P-00159,Auvik CW,,Billable,Auvik Essentials,FAMILY,2026-01-01,9999-12-31,TRUE,2026-01;2026-02;2026-03;2026-04;2026-05;2026-06,6,FALSE,2026-01,2026-06,2026-07-15
S2P-00160,Auvik CW,,Billable,"Auvik NTWK Monitoring and Mgmt, 1-39 Tier",FAMILY,2026-01-01,9999-12-31,TRUE,2026-01;2026-02;2026-03;2026-04;2026-05;2026-06,6,FALSE,2026-01,2026-06,2026-07-15
S2P-00161,Auvik CW,,Billable,Auvik NFR License - NTWK Monitoring and Management,FAMILY,2026-01-01,2026-01-31,FALSE,2026-01,1,FALSE,2026-01,2026-06,2026-07-15
S2P-00162,Auvik CW,,Billable,Auvik 40 Network Monitoring and Management,FAMILY,2026-01-01,9999-12-31,TRUE,2026-01;2026-02;2026-03;2026-04;2026-05;2026-06,6,FALSE,2026-01,2026-06,2026-07-15
S2P-00163,Auvik CW,,Billable,"Auvik Essentials NMM, 250-499 Tier",FAMILY,2026-01-01,9999-12-31,TRUE,2026-01;2026-02;2026-03;2026-04;2026-05;2026-06,6,FALSE,2026-01,2026-06,2026-07-15
S2P-00164,Auvik CW,,Billable,Auvik Transfer - Essentials Annual,FAMILY,2026-01-01,9999-12-31,TRUE,2026-01;2026-02;2026-03;2026-04;2026-05;2026-06,6,FALSE,2026-01,2026-06,2026-07-15
S2P-00165,Auvik CW,,Billable,Auvik Transfer - Essentials,FAMILY,2026-01-01,9999-12-31,TRUE,2026-01;2026-02;2026-03;2026-04;2026-05;2026-06,6,FALSE,2026-01,2026-06,2026-07-15
S2P-00166,Auvik CW,,Billable,"Auvik Essentials NMM, 500-749 Tier",FAMILY,2026-01-01,9999-12-31,TRUE,2026-01;2026-02;2026-03;2026-04;2026-05;2026-06,6,FALSE,2026-01,2026-06,2026-07-15
S2P-00167,Auvik CW,,Billable,Auvik NTWK Monitoring and Mgmt,FAMILY,2026-01-01,9999-12-31,TRUE,2026-01;2026-02;2026-03;2026-04;2026-05;2026-06,6,FALSE,2026-01,2026-06,2026-07-15
S2P-00168,Auvik CW,,Billable,"Auvik Essentials NMM, 1-39 Tier",FAMILY,2026-01-01,9999-12-31,TRUE,2026-01;2026-02;2026-03;2026-04;2026-05;2026-06,6,FALSE,2026-01,2026-06,2026-07-15
S2P-00169,Auvik CW,,Billable,"Auvik Essentials NMM, 40-99 Tier",FAMILY,2026-01-01,9999-12-31,TRUE,2026-01;2026-02;2026-03;2026-04;2026-05;2026-06,6,FALSE,2026-01,2026-06,2026-07-15
S2P-00170,Auvik CW,,Billable,"Auvik Essentials NMM, 100-174 Tier",FAMILY,2026-01-01,9999-12-31,TRUE,2026-01;2026-02;2026-03;2026-04;2026-05;2026-06,6,FALSE,2026-01,2026-06,2026-07-15
S2P-00171,Auvik CW,,Billable,Auvik 100 Network Monitoring and Management,FAMILY,2026-01-01,9999-12-31,TRUE,2026-01;2026-02;2026-03;2026-04;2026-05;2026-06,6,FALSE,2026-01,2026-06,2026-07-15
S2P-00172,Auvik CW,,Billable,Auvik 10 Network Monitoring and Management,FAMILY,2026-01-01,9999-12-31,TRUE,2026-01;2026-02;2026-03;2026-04;2026-05;2026-06,6,FALSE,2026-01,2026-06,2026-07-15
S2P-00173,Auvik CW,,Billable,"Auvik Essentials NMM, 175-249 Tier",FAMILY,2026-01-01,9999-12-31,TRUE,2026-01;2026-02;2026-03;2026-04;2026-05;2026-06,6,FALSE,2026-01,2026-06,2026-07-15
S2P-00174,Auvik CW,,Billable,"Auvik NTWK Monitoring and Mgmt, 40-99 Tier",FAMILY,2026-01-01,9999-12-31,TRUE,2026-01;2026-02;2026-03;2026-04;2026-05;2026-06,6,FALSE,2026-01,2026-06,2026-07-15
S2P-00175,Auvik CW,,Billable,"Auvik Essentials NMM, 1000+",FAMILY,2026-01-01,2026-01-31,FALSE,2026-01,1,FALSE,2026-01,2026-06,2026-07-15
S2P-00176,Auvik CW,,Billable,Auvik 250 Network Monitoring and Management,FAMILY,2026-01-01,9999-12-31,TRUE,2026-01;2026-02;2026-03;2026-04;2026-05;2026-06,6,FALSE,2026-01,2026-06,2026-07-15
S2P-00177,Auvik CW,,Billable,Auvik 10 AddOn Device NTWK Monitoring and Mgnt,FAMILY,2026-01-01,9999-12-31,TRUE,2026-01;2026-02;2026-03;2026-04;2026-05;2026-06,6,FALSE,2026-01,2026-06,2026-07-15
S2P-00178,Auvik CW,,Billable,Auvik 500 Network Monitoring and Management,FAMILY,2026-01-01,2026-02-28,FALSE,2026-01;2026-02,2,FALSE,2026-01,2026-06,2026-07-15
S2P-00179,Auvik CW,,Billable,"Auvik NTWK Monitoring and Mgmt, 40-99 Tier -- Proration",FAMILY,2026-01-01,9999-12-31,TRUE,2026-01;2026-02;2026-06,3,TRUE,2026-01,2026-06,2026-07-15
S2P-00180,Auvik CW,,Billable,"Auvik Essentials NMM, 1000+ -- Proration",FAMILY,2026-02-01,2026-02-28,FALSE,2026-02,1,FALSE,2026-01,2026-06,2026-07-15
S2P-00181,Auvik CW,,Billable,"Auvik Essentials NMM, 40-99 Tier -- Proration",FAMILY,2026-03-01,2026-04-30,FALSE,2026-03;2026-04,2,FALSE,2026-01,2026-06,2026-07-15
S2P-00182,Auvik CW,,Billable,"Auvik NTWK Monitoring and Mgmt, 1-39 Tier -- Proration",FAMILY,2026-03-01,2026-04-30,FALSE,2026-03;2026-04,2,FALSE,2026-01,2026-06,2026-07-15
S2P-00183,Auvik CW,,Billable,Auvik Transfer - Essentials -- Proration,FAMILY,2026-04-01,9999-12-31,TRUE,2026-04;2026-06,2,TRUE,2026-01,2026-06,2026-07-15
S2P-00184,Auvik CW,,Billable,Auvik Transfer - Essentials Annual -- Proration,FAMILY,2026-04-01,9999-12-31,TRUE,2026-04;2026-06,2,TRUE,2026-01,2026-06,2026-07-15
S2P-00185,Auvik CW,,Billable,"Auvik NTWK M&M, Account Trsfr to CW",FAMILY,2026-04-01,2026-04-30,FALSE,2026-04,1,FALSE,2026-01,2026-06,2026-07-15
S2P-00186,Auvik CW,,Billable,"Auvik Essentials NMM, 250-499 Tier -- Proration",FAMILY,2026-06-01,9999-12-31,TRUE,2026-06,1,FALSE,2026-01,2026-06,2026-07-15
S2P-00187,Auvik CW,,Performance,Auvik AMN - Performance AddOn - Committed -- Proration,FAMILY,2026-01-01,9999-12-31,TRUE,2026-01;2026-02;2026-03;2026-04;2026-05;2026-06,6,FALSE,2026-01,2026-06,2026-07-15
S2P-00188,Auvik CW,,Performance,Auvik AMN - Performance AddOn - Committed,FAMILY,2026-01-01,9999-12-31,TRUE,2026-01;2026-02;2026-03;2026-04;2026-05;2026-06,6,FALSE,2026-01,2026-06,2026-07-15
S2P-00189,Auvik CW,,Performance,Auvik Performance Addon,FAMILY,2026-01-01,9999-12-31,TRUE,2026-01;2026-02;2026-03;2026-04;2026-05;2026-06,6,FALSE,2026-01,2026-06,2026-07-15
S2P-00190,Auvik CW,,Performance,Auvik Performance Add-On,FAMILY,2026-01-01,9999-12-31,TRUE,2026-01;2026-02;2026-03;2026-04;2026-05;2026-06,6,FALSE,2026-01,2026-06,2026-07-15
S2P-00191,Auvik CW,,Performance,"Auvik AMN - PerformanceAddOn - Committed, 1-39 Tier",FAMILY,2026-01-01,9999-12-31,TRUE,2026-01;2026-02;2026-03;2026-04;2026-05;2026-06,6,FALSE,2026-01,2026-06,2026-07-15
S2P-00192,Auvik CW,,Performance,"Auvik AMN - Performance AddOn - Committed, 40-74 Tier",FAMILY,2026-01-01,9999-12-31,TRUE,2026-01;2026-02;2026-03;2026-04;2026-05;2026-06,6,FALSE,2026-01,2026-06,2026-07-15
S2P-00193,Auvik CW,,Performance,"Auvik AMN - Performance AddOn - Committed, 100-174 Tier",FAMILY,2026-01-01,9999-12-31,TRUE,2026-01;2026-02;2026-03;2026-04;2026-05;2026-06,6,FALSE,2026-01,2026-06,2026-07-15
S2P-00194,Auvik CW,,Performance,Auvik Performance Addon -- Proration,FAMILY,2026-04-01,2026-04-30,FALSE,2026-04,1,FALSE,2026-01,2026-06,2026-07-15
S2P-00195,Auvik CW,,Performance,Auvik ANM - Full Performance - Committed -- Proration,FAMILY,2026-05-01,2026-05-31,FALSE,2026-05,1,FALSE,2026-01,2026-06,2026-07-15
S2P-00196,Auvik CW,,Performance,Auvik ANM - Full Performance - Committed,FAMILY,2026-06-01,9999-12-31,TRUE,2026-06,1,FALSE,2026-01,2026-06,2026-07-15
S2P-00197,Auvik CW,ANM Essentials,Billable,,FAMILY,2026-01-01,9999-12-31,TRUE,2026-01;2026-02;2026-03;2026-04;2026-05;2026-06,6,FALSE,2026-01,2026-06,2026-07-15
S2P-00198,Auvik CW,ANM Essentials - Evergreen,Billable,,FAMILY,2026-01-01,9999-12-31,TRUE,2026-01;2026-02;2026-03;2026-04;2026-05;2026-06,6,FALSE,2026-01,2026-06,2026-07-15
S2P-00199,Auvik CW,ANM Full Performance - Evergreen,Performance,,FAMILY,2026-02-01,9999-12-31,TRUE,2026-02;2026-03;2026-04;2026-05;2026-06,5,FALSE,2026-01,2026-06,2026-07-15
S2P-00200,Auvik CW,ANM Performance Add-Ons,Performance,,FAMILY,2026-01-01,9999-12-31,TRUE,2026-01;2026-02;2026-03;2026-04;2026-05;2026-06,6,FALSE,2026-01,2026-06,2026-07-15
S2P-00201,Auvik CW,ANM Performance Add-Ons - Evergreen,Performance,,FAMILY,2026-01-01,9999-12-31,TRUE,2026-01;2026-02;2026-03;2026-04;2026-05;2026-06,6,FALSE,2026-01,2026-06,2026-07-15
S2P-00202,Auvik CW,Auvik MSP Monthly Plan Fee,Billable,,FAMILY,2026-01-01,2026-01-31,FALSE,2026-01,1,FALSE,2026-01,2026-06,2026-07-15
S2P-00203,Auvik CW,Auvik SaaS Management,ASM,,FAMILY,2026-01-01,9999-12-31,TRUE,2026-01;2026-02;2026-03;2026-04;2026-05;2026-06,6,FALSE,2026-01,2026-06,2026-07-15
S2P-00204,Auvik CW,Auvik SaaS Management - Evergreen,ASM,,FAMILY,2026-01-01,9999-12-31,TRUE,2026-01;2026-02;2026-03;2026-04;2026-05;2026-06,6,FALSE,2026-01,2026-06,2026-07-15
S2P-00205,Auvik CW,Billable Devices,Billable,,FAMILY,2026-01-01,2026-04-30,FALSE,2026-01;2026-02;2026-03;2026-04,4,FALSE,2026-01,2026-06,2026-07-15
S2P-00206,Auvik CW,CWANM-0 Additional Billable Devices,Billable,,FAMILY,2026-01-01,2026-01-31,FALSE,2026-01,1,FALSE,2026-01,2026-06,2026-07-15
S2P-00207,Auvik CW,CWANM-0 Committed Billable Devices,Billable,,FAMILY,2026-01-01,2026-02-28,FALSE,2026-01;2026-02,2,FALSE,2026-01,2026-06,2026-07-15
S2P-00208,Auvik CW,CWANM-0 Committed Performance Add-Ons,Performance,,FAMILY,2026-01-01,2026-02-28,FALSE,2026-01;2026-02,2,FALSE,2026-01,2026-06,2026-07-15
S2P-00209,Auvik CW,CWANM-1 Additional Billable Devices,Billable,,FAMILY,2026-01-01,9999-12-31,TRUE,2026-01;2026-02;2026-03;2026-04;2026-05;2026-06,6,FALSE,2026-01,2026-06,2026-07-15
S2P-00210,Auvik CW,CWANM-1 Additional Performance Add-Ons,Performance,,FAMILY,2026-01-01,2026-01-31,FALSE,2026-01,1,FALSE,2026-01,2026-06,2026-07-15
S2P-00211,Auvik CW,CWANM-1 Committed Billable Devices,Billable,,FAMILY,2026-01-01,9999-12-31,TRUE,2026-01;2026-02;2026-03;2026-04;2026-05;2026-06,6,FALSE,2026-01,2026-06,2026-07-15
S2P-00212,Auvik CW,CWANM-1 Committed Performance Add-Ons,Performance,,FAMILY,2026-01-01,2026-01-31,FALSE,2026-01,1,FALSE,2026-01,2026-06,2026-07-15
S2P-00213,Auvik CW,CWANM-2 Additional Billable Devices,Billable,,FAMILY,2026-01-01,2026-01-31,FALSE,2026-01,1,FALSE,2026-01,2026-06,2026-07-15
S2P-00214,Auvik CW,CWANM-2 Committed Billable Devices,Billable,,FAMILY,2026-01-01,2026-01-31,FALSE,2026-01,1,FALSE,2026-01,2026-06,2026-07-15
S2P-00215,Auvik CW,CWANM-2 Committed Performance Add-Ons,Performance,,FAMILY,2026-01-01,2026-01-31,FALSE,2026-01,1,FALSE,2026-01,2026-06,2026-07-15
S2P-00216,Auvik CW,CWANM-3 Additional Billable Devices,Billable,,FAMILY,2026-01-01,2026-01-31,FALSE,2026-01,1,FALSE,2026-01,2026-06,2026-07-15
S2P-00217,Auvik CW,CWANM-3 Committed Billable Devices,Billable,,FAMILY,2026-01-01,2026-04-30,FALSE,2026-01;2026-02;2026-03;2026-04,4,FALSE,2026-01,2026-06,2026-07-15
S2P-00218,Auvik CW,CWANM-3 Committed Performance Add-Ons,Performance,,FAMILY,2026-01-01,2026-01-31,FALSE,2026-01,1,FALSE,2026-01,2026-06,2026-07-15
S2P-00219,Auvik CW,CWANM-4 Additional Billable Devices,Billable,,FAMILY,2026-01-01,2026-01-31,FALSE,2026-01,1,FALSE,2026-01,2026-06,2026-07-15
S2P-00220,Auvik CW,CWANM-4 Additional Performance Add-Ons,Performance,,FAMILY,2026-01-01,2026-01-31,FALSE,2026-01,1,FALSE,2026-01,2026-06,2026-07-15
S2P-00221,Auvik CW,CWANM-4 Committed Billable Devices,Billable,,FAMILY,2026-01-01,2026-01-31,FALSE,2026-01,1,FALSE,2026-01,2026-06,2026-07-15
S2P-00222,Auvik CW,CWANM-5 Additional Billable Devices,Billable,,FAMILY,2026-01-01,2026-01-31,FALSE,2026-01,1,FALSE,2026-01,2026-06,2026-07-15
S2P-00223,Auvik CW,CWANM-5 Committed Billable Devices,Billable,,FAMILY,2026-01-01,2026-01-31,FALSE,2026-01,1,FALSE,2026-01,2026-06,2026-07-15
S2P-00224,Auvik CW,CWANM-5 Committed Performance Add-Ons,Performance,,FAMILY,2026-01-01,2026-01-31,FALSE,2026-01,1,FALSE,2026-01,2026-06,2026-07-15
S2P-00225,Auvik CW,CWANM-7 Additional Billable Devices,Billable,,FAMILY,2026-01-01,2026-01-31,FALSE,2026-01,1,FALSE,2026-01,2026-06,2026-07-15
S2P-00226,Auvik CW,CWANM-7 Committed Billable Devices,Billable,,FAMILY,2026-01-01,2026-01-31,FALSE,2026-01,1,FALSE,2026-01,2026-06,2026-07-15
S2P-00227,Auvik CW,EPRM-ANM-10 Auvik Essentials -- Committed,Billable,,FAMILY,2026-01-01,9999-12-31,TRUE,2026-01;2026-02;2026-03;2026-04;2026-05;2026-06,6,FALSE,2026-01,2026-06,2026-07-15
S2P-00228,Auvik CW,EPRM-ANM-10 Auvik Essentials -- Overage,Billable,,FAMILY,2026-01-01,2026-04-30,FALSE,2026-01;2026-02;2026-03;2026-04,4,FALSE,2026-01,2026-06,2026-07-15
S2P-00229,Auvik CW,EPRM-ANM-100 Auvik Essentials -- Committed,Billable,,FAMILY,2026-01-01,9999-12-31,TRUE,2026-01;2026-02;2026-03;2026-04;2026-05;2026-06,6,FALSE,2026-01,2026-06,2026-07-15
S2P-00230,Auvik CW,EPRM-ANM-100 Auvik Essentials -- Overage,Billable,,FAMILY,2026-01-01,2026-04-30,FALSE,2026-01;2026-02;2026-03;2026-04,4,FALSE,2026-01,2026-06,2026-07-15
S2P-00231,Auvik CW,EPRM-ANM-1000 Auvik Essentials -- Committed,Billable,,FAMILY,2026-01-01,2026-03-31,FALSE,2026-01;2026-02;2026-03,3,FALSE,2026-01,2026-06,2026-07-15
S2P-00232,Auvik CW,EPRM-ANM-1000 Auvik Essentials -- Overage,Billable,,FAMILY,2026-01-01,2026-03-31,FALSE,2026-01;2026-02;2026-03,3,FALSE,2026-01,2026-06,2026-07-15
S2P-00233,Auvik CW,EPRM-ANM-175 Auvik Essentials -- Committed,Billable,,FAMILY,2026-01-01,2026-04-30,FALSE,2026-01;2026-02;2026-03;2026-04,4,FALSE,2026-01,2026-06,2026-07-15
S2P-00234,Auvik CW,EPRM-ANM-175 Auvik Essentials -- Overage,Billable,,FAMILY,2026-01-01,2026-04-30,FALSE,2026-01;2026-02;2026-03;2026-04,4,FALSE,2026-01,2026-06,2026-07-15
S2P-00235,Auvik CW,EPRM-ANM-250 Auvik Essentials -- Committed,Billable,,FAMILY,2026-01-01,2026-05-31,FALSE,2026-01;2026-02;2026-03;2026-04;2026-05,5,FALSE,2026-01,2026-06,2026-07-15
S2P-00236,Auvik CW,EPRM-ANM-250 Auvik Essentials -- Overage,Billable,,FAMILY,2026-01-01,2026-04-30,FALSE,2026-01;2026-02;2026-03;2026-04,4,FALSE,2026-01,2026-06,2026-07-15
S2P-00237,Auvik CW,EPRM-ANM-40 Auvik Essentials -- Committed,Billable,,FAMILY,2026-01-01,2026-03-31,FALSE,2026-01;2026-02;2026-03,3,FALSE,2026-01,2026-06,2026-07-15
S2P-00238,Auvik CW,EPRM-ANM-40 Auvik Essentials -- Overage,Billable,,FAMILY,2026-01-01,2026-03-31,FALSE,2026-01;2026-02;2026-03,3,FALSE,2026-01,2026-06,2026-07-15
S2P-00239,Auvik CW,EPRM-ANM-500 Auvik Essentials -- Committed,Billable,,FAMILY,2026-01-01,2026-02-28,FALSE,2026-01;2026-02,2,FALSE,2026-01,2026-06,2026-07-15
S2P-00240,Auvik CW,EPRM-ANM-500 Auvik Essentials -- Overage,Billable,,FAMILY,2026-01-01,2026-01-31,FALSE,2026-01,1,FALSE,2026-01,2026-06,2026-07-15
S2P-00241,Auvik CW,EPRM-ANM-75 Auvik Essentials -- Committed,Billable,,FAMILY,2026-01-01,2026-01-31,FALSE,2026-01,1,FALSE,2026-01,2026-06,2026-07-15
S2P-00242,Auvik CW,EPRM-ANM-75 Auvik Essentials -- Overage,Billable,,FAMILY,2026-01-01,2026-01-31,FALSE,2026-01,1,FALSE,2026-01,2026-06,2026-07-15
S2P-00243,Auvik CW,EPRM-ANM-750 Auvik Essentials -- Committed,Billable,,FAMILY,2026-01-01,9999-12-31,TRUE,2026-01;2026-02;2026-03;2026-04;2026-05;2026-06,6,FALSE,2026-01,2026-06,2026-07-15
S2P-00244,Auvik CW,EPRM-ANM-750 Auvik Essentials -- Overage,Billable,,FAMILY,2026-01-01,2026-04-30,FALSE,2026-01;2026-02;2026-03;2026-04,4,FALSE,2026-01,2026-06,2026-07-15
S2P-00245,Auvik CW,ERM-ANM-10 Auvik Essentials -- Committed,Billable,,FAMILY,2026-01-01,9999-12-31,TRUE,2026-01;2026-02;2026-03;2026-04;2026-05;2026-06,6,FALSE,2026-01,2026-06,2026-07-15
S2P-00246,Auvik CW,ERM-ANM-10 Auvik Essentials -- Overage,Billable,,FAMILY,2026-01-01,2026-01-31,FALSE,2026-01,1,FALSE,2026-01,2026-06,2026-07-15
S2P-00247,Auvik CW,ERM-ANM-100 Auvik Essentials -- Committed,Billable,,FAMILY,2026-01-01,2026-01-31,FALSE,2026-01,1,FALSE,2026-01,2026-06,2026-07-15
S2P-00248,Auvik CW,ERM-ANM-100 Auvik Essentials -- Overage,Billable,,FAMILY,2026-01-01,2026-01-31,FALSE,2026-01,1,FALSE,2026-01,2026-06,2026-07-15
S2P-00249,Auvik CW,ERM-ANM-1000 Auvik Essentials -- Committed,Billable,,FAMILY,2026-01-01,2026-01-31,FALSE,2026-01,1,FALSE,2026-01,2026-06,2026-07-15
S2P-00250,Auvik CW,ERM-ANM-175 Auvik Essentials -- Committed,Billable,,FAMILY,2026-01-01,2026-01-31,FALSE,2026-01,1,FALSE,2026-01,2026-06,2026-07-15
S2P-00251,Auvik CW,ERM-ANM-175 Auvik Essentials -- Overage,Billable,,FAMILY,2026-01-01,2026-01-31,FALSE,2026-01,1,FALSE,2026-01,2026-06,2026-07-15
S2P-00252,Auvik CW,ERM-ANM-250 Auvik Essentials -- Committed,Billable,,FAMILY,2026-01-01,2026-05-31,FALSE,2026-01;2026-02;2026-03;2026-04;2026-05,5,FALSE,2026-01,2026-06,2026-07-15
S2P-00253,Auvik CW,ERM-ANM-250 Auvik Essentials -- Overage,Billable,,FAMILY,2026-01-01,2026-04-30,FALSE,2026-01;2026-02;2026-03;2026-04,4,FALSE,2026-01,2026-06,2026-07-15
S2P-00254,Auvik CW,ERM-ANM-40 Auvik Essentials -- Committed,Billable,,FAMILY,2026-01-01,9999-12-31,TRUE,2026-01;2026-02;2026-03;2026-04;2026-05;2026-06,6,FALSE,2026-01,2026-06,2026-07-15
S2P-00255,Auvik CW,ERM-ANM-40 Auvik Essentials -- Overage,Billable,,FAMILY,2026-01-01,9999-12-31,TRUE,2026-01;2026-02;2026-03;2026-04;2026-06,5,TRUE,2026-01,2026-06,2026-07-15
S2P-00256,Auvik CW,ERM-ANM-500 Auvik Essentials -- Committed,Billable,,FAMILY,2026-01-01,2026-01-31,FALSE,2026-01,1,FALSE,2026-01,2026-06,2026-07-15
S2P-00257,Auvik CW,ERM-ANM-75 Auvik Essentials -- Committed,Billable,,FAMILY,2026-01-01,9999-12-31,TRUE,2026-01;2026-02;2026-03;2026-04;2026-05;2026-06,6,FALSE,2026-01,2026-06,2026-07-15
S2P-00258,Auvik CW,ERM-ANM-75 Auvik Essentials -- Overage,Billable,,FAMILY,2026-01-01,2026-01-31,FALSE,2026-01,1,FALSE,2026-01,2026-06,2026-07-15
S2P-00259,Auvik CW,Overage - ANM Essentials,Billable,,FAMILY,2026-01-01,9999-12-31,TRUE,2026-01;2026-02;2026-03;2026-04;2026-05;2026-06,6,FALSE,2026-01,2026-06,2026-07-15
S2P-00260,Auvik CW,Overage - ANM Essentials Evergreen,Billable,,FAMILY,2026-01-01,9999-12-31,TRUE,2026-01;2026-02;2026-03;2026-04;2026-05;2026-06,6,FALSE,2026-01,2026-06,2026-07-15
S2P-00261,Auvik CW,Overage - ANM Full Performance Evergreen,Performance,,FAMILY,2026-05-01,9999-12-31,TRUE,2026-05;2026-06,2,FALSE,2026-01,2026-06,2026-07-15
S2P-00262,Auvik CW,Overage - ANM Performance Add-On Evergreen,Performance,,FAMILY,2026-01-01,9999-12-31,TRUE,2026-01;2026-02;2026-03;2026-04;2026-05;2026-06,6,FALSE,2026-01,2026-06,2026-07-15
S2P-00263,Auvik CW,Overage - ANM Performance Add-on,Performance,,FAMILY,2026-01-01,9999-12-31,TRUE,2026-01;2026-02;2026-03;2026-04;2026-05;2026-06,6,FALSE,2026-01,2026-06,2026-07-15
S2P-00264,Auvik CW,Overage - Auvik SaaS Management,ASM,,FAMILY,2026-01-01,9999-12-31,TRUE,2026-01;2026-02;2026-03;2026-04;2026-05;2026-06,6,FALSE,2026-01,2026-06,2026-07-15
S2P-00265,Auvik CW,Overage - Auvik SaaS Management Evergreen,ASM,,FAMILY,2026-01-01,9999-12-31,TRUE,2026-01;2026-02;2026-03;2026-04;2026-05;2026-06,6,FALSE,2026-01,2026-06,2026-07-15
S2P-00266,Auvik CW,PARM-ANM-10 Auvik Performance Add On,Performance,,FAMILY,2026-01-01,9999-12-31,TRUE,2026-01;2026-02;2026-03;2026-04;2026-05;2026-06,6,FALSE,2026-01,2026-06,2026-07-15
S2P-00267,Auvik CW,PARM-ANM-10 Auvik Performance Add On -- Overage,Performance,,FAMILY,2026-01-01,2026-04-30,FALSE,2026-01;2026-04,2,TRUE,2026-01,2026-06,2026-07-15
S2P-00268,Auvik CW,PARM-ANM-100 Auvik Performance Add On,Performance,,FAMILY,2026-01-01,9999-12-31,TRUE,2026-01;2026-02;2026-03;2026-04;2026-05;2026-06,6,FALSE,2026-01,2026-06,2026-07-15
S2P-00269,Auvik CW,PARM-ANM-100 Auvik Performance Add On -- Overage,Performance,,FAMILY,2026-01-01,2026-01-31,FALSE,2026-01,1,FALSE,2026-01,2026-06,2026-07-15
S2P-00270,Auvik CW,PARM-ANM-1000 Auvik Performance Add On -- Overage,Performance,,FAMILY,2026-01-01,2026-03-31,FALSE,2026-01;2026-02;2026-03,3,FALSE,2026-01,2026-06,2026-07-15
S2P-00271,Auvik CW,PARM-ANM-175 Auvik Performance Add On,Performance,,FAMILY,2026-01-01,2026-04-30,FALSE,2026-01;2026-02;2026-03;2026-04,4,FALSE,2026-01,2026-06,2026-07-15
S2P-00272,Auvik CW,PARM-ANM-175 Auvik Performance Add On -- Overage,Performance,,FAMILY,2026-01-01,2026-04-30,FALSE,2026-01;2026-02;2026-03;2026-04,4,FALSE,2026-01,2026-06,2026-07-15
S2P-00273,Auvik CW,PARM-ANM-250 Auvik Performance Add On,Performance,,FAMILY,2026-01-01,2026-01-31,FALSE,2026-01,1,FALSE,2026-01,2026-06,2026-07-15
S2P-00274,Auvik CW,PARM-ANM-250 Auvik Performance Add On -- Overage,Performance,,FAMILY,2026-01-01,2026-04-30,FALSE,2026-01;2026-02;2026-03;2026-04,4,FALSE,2026-01,2026-06,2026-07-15
S2P-00275,Auvik CW,PARM-ANM-40 Auvik Performance Add On,Performance,,FAMILY,2026-01-01,2026-01-31,FALSE,2026-01,1,FALSE,2026-01,2026-06,2026-07-15
S2P-00276,Auvik CW,PARM-ANM-500 Auvik Performance Add On,Performance,,FAMILY,2026-01-01,2026-02-28,FALSE,2026-01;2026-02,2,FALSE,2026-01,2026-06,2026-07-15
S2P-00277,Auvik CW,PARM-ANM-500 Auvik Performance Add On -- Overage,Performance,,FAMILY,2026-02-01,2026-02-28,FALSE,2026-02,1,FALSE,2026-01,2026-06,2026-07-15
S2P-00278,Auvik CW,PARM-ANM-75 Auvik Performance Add On -- Overage,Performance,,FAMILY,2026-01-01,2026-01-31,FALSE,2026-01,1,FALSE,2026-01,2026-06,2026-07-15
S2P-00279,Auvik CW,PARM-ANM-750 Auvik Performance Add On,Performance,,FAMILY,2026-01-01,9999-12-31,TRUE,2026-01;2026-02;2026-03;2026-04;2026-05;2026-06,6,FALSE,2026-01,2026-06,2026-07-15
S2P-00280,Auvik CW,PARM-ANM-750 Auvik Performance Add On -- Overage,Performance,,FAMILY,2026-01-01,2026-04-30,FALSE,2026-01;2026-02;2026-03;2026-04,4,FALSE,2026-01,2026-06,2026-07-15
S2P-00281,Auvik CW,PRM-ANM-10 Auvik Performance -- Committed,Performance,,FAMILY,2026-01-01,2026-01-31,FALSE,2026-01,1,FALSE,2026-01,2026-06,2026-07-15
S2P-00282,Auvik CW,PRM-ANM-10 Auvik Performance -- Overage,Performance,,FAMILY,2026-01-01,2026-01-31,FALSE,2026-01,1,FALSE,2026-01,2026-06,2026-07-15
S2P-00283,Auvik CW,PRM-ANM-100 Auvik Performance -- Committed,Performance,,FAMILY,2026-01-01,2026-01-31,FALSE,2026-01,1,FALSE,2026-01,2026-06,2026-07-15
S2P-00284,Auvik CW,PRM-ANM-250 Auvik Performance -- Committed,Performance,,FAMILY,2026-01-01,2026-04-30,FALSE,2026-01;2026-02;2026-03;2026-04,4,FALSE,2026-01,2026-06,2026-07-15
S2P-00285,Auvik CW,PRM-ANM-250 Auvik Performance -- Overage,Performance,,FAMILY,2026-02-01,2026-04-30,FALSE,2026-02;2026-03;2026-04,3,FALSE,2026-01,2026-06,2026-07-15
S2P-00286,Auvik CW,PRM-ANM-40 Auvik Performance -- Committed,Performance,,FAMILY,2026-01-01,9999-12-31,TRUE,2026-01;2026-02;2026-03;2026-04;2026-05;2026-06,6,FALSE,2026-01,2026-06,2026-07-15
S2P-00287,Auvik CW,PRM-ANM-40 Auvik Performance -- Overage,Performance,,FAMILY,2026-01-01,9999-12-31,TRUE,2026-01;2026-02;2026-03;2026-04;2026-05;2026-06,6,FALSE,2026-01,2026-06,2026-07-15
S2P-00288,Auvik CW,PRM-ANM-500 Auvik Performance -- Committed,Performance,,FAMILY,2026-01-01,2026-01-31,FALSE,2026-01,1,FALSE,2026-01,2026-06,2026-07-15
S2P-00289,Auvik CW,RM - ASM - 100 - Committed,ASM,,FAMILY,2026-01-01,2026-02-28,FALSE,2026-01;2026-02,2,FALSE,2026-01,2026-06,2026-07-15
S2P-00290,Auvik CW,RM - ASM - 100 - Overage,ASM,,FAMILY,2026-01-01,2026-02-28,FALSE,2026-01;2026-02,2,FALSE,2026-01,2026-06,2026-07-15
S2P-00291,Auvik CW,RM - ASM - 1000 - Committed,ASM,,FAMILY,2026-01-01,2026-01-31,FALSE,2026-01,1,FALSE,2026-01,2026-06,2026-07-15
S2P-00292,Auvik CW,RM - ASM - 1000 - Overage,ASM,,FAMILY,2026-01-01,2026-01-31,FALSE,2026-01,1,FALSE,2026-01,2026-06,2026-07-15
S2P-00293,Auvik CW,RM - ASM - 250 - Committed,ASM,,FAMILY,2026-01-01,9999-12-31,TRUE,2026-01;2026-02;2026-03;2026-04;2026-05;2026-06,6,FALSE,2026-01,2026-06,2026-07-15
S2P-00294,Auvik CW,RM - ASM - 250 - Overage,ASM,,FAMILY,2026-01-01,2026-01-31,FALSE,2026-01,1,FALSE,2026-01,2026-06,2026-07-15
S2P-00295,Auvik CW,Usage - Billable Devices,Billable,,FAMILY,2026-01-01,9999-12-31,TRUE,2026-01;2026-02;2026-03;2026-04;2026-05;2026-06,6,FALSE,2026-01,2026-06,2026-07-15
S2P-00296,Bitdefender,Advanced Threat Security,,Bitdefender Advanced Threat Security,common_name,2026-01-01,9999-12-31,TRUE,2026-01;2026-02;2026-03;2026-04;2026-05,5,FALSE,2026-01,2026-06,2026-07-15
S2P-00297,Bitdefender,EDR,,Bitdefender ATS & EDR,common_name,2026-01-01,9999-12-31,TRUE,2026-01;2026-02;2026-03;2026-04;2026-05,5,FALSE,2026-01,2026-06,2026-07-15
S2P-00298,Bitdefender,EDR Storage (1 Year),,EDR Storage (1 Year),common_name,2026-01-01,2026-04-30,FALSE,2026-01;2026-02;2026-03;2026-04,4,FALSE,2026-01,2026-06,2026-07-15
S2P-00299,Bitdefender,EDR Storage (1 Year),,,common_name,2026-05-01,9999-12-31,TRUE,2026-05,1,FALSE,2026-01,2026-06,2026-07-15
S2P-00300,Bitdefender,EDR Storage (180 Days),,EDR Storage (180 Days),common_name,2026-01-01,2026-04-30,FALSE,2026-01;2026-02;2026-03;2026-04,4,FALSE,2026-01,2026-06,2026-07-15
S2P-00301,Bitdefender,EDR Storage (180 Days),,,common_name,2026-05-01,9999-12-31,TRUE,2026-05,1,FALSE,2026-01,2026-06,2026-07-15
S2P-00302,Bitdefender,EDR Storage (90 Days),,EDR Storage (90 Days),common_name,2026-01-01,2026-04-30,FALSE,2026-01;2026-02;2026-03;2026-04,4,FALSE,2026-01,2026-06,2026-07-15
S2P-00303,Bitdefender,EDR Storage (90 Days),,,common_name,2026-05-01,9999-12-31,TRUE,2026-05,1,FALSE,2026-01,2026-06,2026-07-15
S2P-00304,Bitdefender,Email Security,,Bitdefender GravityZone Email Security,common_name,2026-01-01,9999-12-31,TRUE,2026-01;2026-02;2026-03;2026-04;2026-05,5,FALSE,2026-01,2026-06,2026-07-15
S2P-00305,Bitdefender,Encryption,,Bitdefender Cloud Encryption,common_name,2026-01-01,9999-12-31,TRUE,2026-01;2026-02;2026-03;2026-04;2026-05,5,FALSE,2026-01,2026-06,2026-07-15
S2P-00306,Bitdefender,Integrity Monitoring,,Integrity Monitoring,common_name,2026-01-01,2026-04-30,FALSE,2026-01;2026-02;2026-03;2026-04,4,FALSE,2026-01,2026-06,2026-07-15
S2P-00307,Bitdefender,Integrity Monitoring,,,common_name,2026-05-01,9999-12-31,TRUE,2026-05,1,FALSE,2026-01,2026-06,2026-07-15
S2P-00308,Bitdefender,Mobile Security,,Bitdefender Security for Mobile,common_name,2026-01-01,9999-12-31,TRUE,2026-01;2026-02;2026-03;2026-04;2026-05,5,FALSE,2026-01,2026-06,2026-07-15
S2P-00309,Bitdefender,Msp A la Carte,,Bitdefender Cloud Sec GravityZone,common_name,2026-01-01,9999-12-31,TRUE,2026-01;2026-02;2026-03;2026-04;2026-05,5,FALSE,2026-01,2026-06,2026-07-15
S2P-00310,Bitdefender,Msp Secure,,Bitdefender EDR (MSP Secure),common_name,2026-01-01,9999-12-31,TRUE,2026-01;2026-02;2026-03;2026-04;2026-05,5,FALSE,2026-01,2026-06,2026-07-15
S2P-00311,Bitdefender,Msp Secure Extra,,Bitdefender EDR (MSP Secure),common_name,2026-01-01,2026-04-30,FALSE,2026-01;2026-02;2026-03;2026-04,4,FALSE,2026-01,2026-06,2026-07-15
S2P-00312,Bitdefender,Msp Secure Extra,,,common_name,2026-05-01,9999-12-31,TRUE,2026-05,1,FALSE,2026-01,2026-06,2026-07-15
S2P-00313,Bitdefender,Msp Secure Plus,,Bitdefender EDR (MSP Secure),common_name,2026-01-01,2026-04-30,FALSE,2026-01;2026-02;2026-03;2026-04,4,FALSE,2026-01,2026-06,2026-07-15
S2P-00314,Bitdefender,Msp Secure Plus,,,common_name,2026-05-01,9999-12-31,TRUE,2026-05,1,FALSE,2026-01,2026-06,2026-07-15
S2P-00315,Bitdefender,Patch Management,,Bitdefender Patch Management,common_name,2026-01-01,9999-12-31,TRUE,2026-01;2026-02;2026-03;2026-04;2026-05,5,FALSE,2026-01,2026-06,2026-07-15
S2P-00316,Bitdefender,Phasr,,Phasr,common_name,2026-01-01,2026-04-30,FALSE,2026-01;2026-02;2026-03;2026-04,4,FALSE,2026-01,2026-06,2026-07-15
S2P-00317,Bitdefender,Phasr,,Bitdefender PHASR,common_name,2026-05-01,9999-12-31,TRUE,2026-05,1,FALSE,2026-01,2026-06,2026-07-15
S2P-00318,Bitdefender,VDI(with SVA) (h),,BitDefender Security for VE VDI hourly per EndPnt,common_name,2026-01-01,9999-12-31,TRUE,2026-01;2026-02;2026-03;2026-04;2026-05,5,FALSE,2026-01,2026-06,2026-07-15
S2P-00319,Bitdefender,VS(with SVA),,BitDefender Security for VE VS,common_name,2026-01-01,9999-12-31,TRUE,2026-01;2026-02;2026-03;2026-04;2026-05,5,FALSE,2026-01,2026-06,2026-07-15
S2P-00320,Bitdefender,XDR Identity,,XDR Identity,common_name,2026-01-01,2026-04-30,FALSE,2026-01;2026-02;2026-03;2026-04,4,FALSE,2026-01,2026-06,2026-07-15
S2P-00321,Bitdefender,XDR Identity,,Bitdefender XDR - Identity,common_name,2026-05-01,9999-12-31,TRUE,2026-05,1,FALSE,2026-01,2026-06,2026-07-15
S2P-00322,Cylance,AW-CYL-USG-PROTECT,Cylance (Arctic Wolf usage),Protect,partner+product(Protect/Optics),2026-01-01,9999-12-31,TRUE,2026-01;2026-02;2026-03;2026-04;2026-05;2026-06,6,FALSE,2026-01,2026-06,2026-07-15
S2P-00323,ESET,ESET Anti-Virus Business Edition -BUNDLE ONLY,,ESET Anti-Virus Business Edition -BUNDLE ONLY,account_x_product_name (Data tab); billing_type=CW,2026-05-01,9999-12-31,TRUE,2026-05,1,FALSE,2026-01,2026-06,2026-07-15
S2P-00324,ESET,ESET DESlock+ Encryption Professional Edition,,ESET DESlock+ Encryption Professional Edition,account_x_product_name (Data tab); billing_type=CW,2026-05-01,9999-12-31,TRUE,2026-05,1,FALSE,2026-01,2026-06,2026-07-15
S2P-00325,ESET,ESET Endpoint AV Legacy Partners,,ESET Endpoint AV Legacy Partners,account_x_product_name (Data tab); billing_type=CW,2026-05-01,9999-12-31,TRUE,2026-05,1,FALSE,2026-01,2026-06,2026-07-15
S2P-00326,ESET,ESET Endpoint Antivirus for Linux,,ESET Endpoint Antivirus for Linux,account_x_product_name (Data tab); billing_type=Marketplace,2026-05-01,9999-12-31,TRUE,2026-05,1,FALSE,2026-01,2026-06,2026-07-15
S2P-00327,ESET,ESET Endpoint Antivirus for Windows (standard),,ESET Endpoint Antivirus for Windows (standard),account_x_product_name (Data tab); billing_type=CW,2026-05-01,9999-12-31,TRUE,2026-05,1,FALSE,2026-01,2026-06,2026-07-15
S2P-00328,ESET,ESET Endpoint Antivirus for macOS,,ESET Endpoint Antivirus for macOS,account_x_product_name (Data tab); billing_type=Marketplace,2026-05-01,9999-12-31,TRUE,2026-05,1,FALSE,2026-01,2026-06,2026-07-15
S2P-00329,ESET,ESET Endpoint Encryption Pro,,ESET Endpoint Encryption Pro,account_x_product_name (Data tab); billing_type=CW,2026-05-01,9999-12-31,TRUE,2026-05,1,FALSE,2026-01,2026-06,2026-07-15
S2P-00330,ESET,ESET Endpoint Protection Advanced,,ESET Endpoint Protection Advanced,account_x_product_name (Data tab); billing_type=CW,2026-05-01,9999-12-31,TRUE,2026-05,1,FALSE,2026-01,2026-06,2026-07-15
S2P-00331,ESET,ESET Endpoint Protection Advanced (NA),,ESET Endpoint Protection Advanced (NA),account_x_product_name (Data tab); billing_type=CW,2026-05-01,9999-12-31,TRUE,2026-05,1,FALSE,2026-01,2026-06,2026-07-15
S2P-00332,ESET,ESET Endpoint Security for Windows (standard),,ESET Endpoint Security for Windows (standard),account_x_product_name (Data tab); billing_type=Marketplace,2026-05-01,9999-12-31,TRUE,2026-05,1,FALSE,2026-01,2026-06,2026-07-15
S2P-00333,ESET,ESET Endpoint Security for macOS,,ESET Endpoint Security for macOS,account_x_product_name (Data tab); billing_type=Marketplace,2026-05-01,9999-12-31,TRUE,2026-05,1,FALSE,2026-01,2026-06,2026-07-15
S2P-00334,ESET,ESET Full Disk Encryption,,ESET Full Disk Encryption,account_x_product_name (Data tab); billing_type=Marketplace,2026-05-01,9999-12-31,TRUE,2026-05,1,FALSE,2026-01,2026-06,2026-07-15
S2P-00335,ESET,ESET Inspect,,ESET Inspect,account_x_product_name (Data tab); billing_type=Marketplace,2026-05-01,9999-12-31,TRUE,2026-05,1,FALSE,2026-01,2026-06,2026-07-15
S2P-00336,ESET,ESET Mail Security for Microsoft Exchange Server,,ESET Mail Security for Microsoft Exchange Server,account_x_product_name (Data tab); billing_type=CW,2026-05-01,9999-12-31,TRUE,2026-05,1,FALSE,2026-01,2026-06,2026-07-15
S2P-00337,ESET,ESET PROTECT Advanced,,ESET PROTECT Advanced,account_x_product_name (Data tab); billing_type=Marketplace,2026-05-01,9999-12-31,TRUE,2026-05,1,FALSE,2026-01,2026-06,2026-07-15
S2P-00338,ESET,ESET PROTECT Complete,,ESET PROTECT Complete,account_x_product_name (Data tab); billing_type=Marketplace,2026-05-01,9999-12-31,TRUE,2026-05,1,FALSE,2026-01,2026-06,2026-07-15
S2P-00339,ESET,ESET PROTECT Enterprise,,ESET PROTECT Enterprise,account_x_product_name (Data tab); billing_type=Marketplace,2026-05-01,9999-12-31,TRUE,2026-05,1,FALSE,2026-01,2026-06,2026-07-15
S2P-00340,ESET,ESET PROTECT Entry,,ESET PROTECT Entry,account_x_product_name (Data tab); billing_type=CW,2026-05-01,9999-12-31,TRUE,2026-05,1,FALSE,2026-01,2026-06,2026-07-15
S2P-00341,ESET,ESET PROTECT Entry On-Prem,,ESET PROTECT Entry On-Prem,account_x_product_name (Data tab); billing_type=Marketplace,2026-05-01,9999-12-31,TRUE,2026-05,1,FALSE,2026-01,2026-06,2026-07-15
S2P-00342,ESET,ESET PROTECT Mail Plus,,ESET PROTECT Mail Plus,account_x_product_name (Data tab); billing_type=Marketplace,2026-05-01,9999-12-31,TRUE,2026-05,1,FALSE,2026-01,2026-06,2026-07-15
S2P-00343,ESET,ESET Protect Advanced,,ESET Protect Advanced,account_x_product_name (Data tab); billing_type=CW,2026-05-01,9999-12-31,TRUE,2026-05,1,FALSE,2026-01,2026-06,2026-07-15
S2P-00344,ESET,ESET Protect Enterprise,,ESET Protect Enterprise,account_x_product_name (Data tab); billing_type=CW,2026-05-01,9999-12-31,TRUE,2026-05,1,FALSE,2026-01,2026-06,2026-07-15
S2P-00345,ESET,ESET Protect Entry,,ESET Protect Entry,account_x_product_name (Data tab); billing_type=CW,2026-05-01,9999-12-31,TRUE,2026-05,1,FALSE,2026-01,2026-06,2026-07-15
S2P-00346,ESET,ESET Protect Entry - Internal IT,,ESET Protect Entry - Internal IT,account_x_product_name (Data tab); billing_type=CW,2026-05-01,9999-12-31,TRUE,2026-05,1,FALSE,2026-01,2026-06,2026-07-15
S2P-00347,ESET,ESET Secure Authentication On-Prem,,ESET Secure Authentication On-Prem,account_x_product_name (Data tab); billing_type=Marketplace,2026-05-01,9999-12-31,TRUE,2026-05,1,FALSE,2026-01,2026-06,2026-07-15
S2P-00348,ESET,ESET Server Security for Linux,,ESET Server Security for Linux,account_x_product_name (Data tab); billing_type=Marketplace,2026-05-01,9999-12-31,TRUE,2026-05,1,FALSE,2026-01,2026-06,2026-07-15
S2P-00349,ESET,ESET Server Security for Microsoft Windows Server,,ESET Server Security for Microsoft Windows Server,account_x_product_name (Data tab); billing_type=Marketplace,2026-05-01,9999-12-31,TRUE,2026-05,1,FALSE,2026-01,2026-06,2026-07-15
S2P-00350,ESET,ESET V6 Endpoint Antivirus (NA),,ESET V6 Endpoint Antivirus (NA),account_x_product_name (Data tab); billing_type=CW,2026-05-01,9999-12-31,TRUE,2026-05,1,FALSE,2026-01,2026-06,2026-07-15
S2P-00351,ESET,ESET WW ESET for File Server,,ESET WW ESET for File Server,account_x_product_name (Data tab); billing_type=CW,2026-05-01,9999-12-31,TRUE,2026-05,1,FALSE,2026-01,2026-06,2026-07-15
S2P-00352,Gozynta,acomba,Gozynta (accounting integration plan),Gozynta subscription,partner+plan,2026-01-01,9999-12-31,TRUE,2026-01;2026-02;2026-03;2026-04;2026-05,5,FALSE,2026-01,2026-06,2026-07-15
S2P-00353,Gozynta,dtools,Gozynta (accounting integration plan),Gozynta subscription,partner+plan,2026-01-01,9999-12-31,TRUE,2026-01;2026-02;2026-03;2026-04;2026-05,5,FALSE,2026-01,2026-06,2026-07-15
S2P-00354,Gozynta,sage_50_uk,Gozynta (accounting integration plan),Gozynta subscription,partner+plan,2026-01-01,9999-12-31,TRUE,2026-01;2026-02;2026-03;2026-04;2026-05,5,FALSE,2026-01,2026-06,2026-07-15
S2P-00355,Gozynta,sage_50_us,Gozynta (accounting integration plan),Gozynta subscription,partner+plan,2026-01-01,9999-12-31,TRUE,2026-01;2026-02;2026-03;2026-04;2026-05,5,FALSE,2026-01,2026-06,2026-07-15
S2P-00356,Kaseya,Base,Kaseya/Continuum RMM,Base,product (agent count),2026-01-01,9999-12-31,TRUE,2026-01;2026-02;2026-03;2026-04;2026-05;2026-06,6,FALSE,2026-01,2026-06,2026-07-15
S2P-00357,Kaseya,Client Connector,Kaseya/Continuum RMM,Client Connector,product (agent count),2026-01-01,9999-12-31,TRUE,2026-01;2026-02;2026-03;2026-04;2026-05;2026-06,6,FALSE,2026-01,2026-06,2026-07-15
S2P-00358,Kaseya,Exchange,Kaseya/Continuum RMM,Exchange,product (agent count),2026-01-01,9999-12-31,TRUE,2026-01;2026-02;2026-03;2026-04;2026-05;2026-06,6,FALSE,2026-01,2026-06,2026-07-15
S2P-00359,Kaseya,Hipaa,Kaseya/Continuum RMM,Hipaa,product (agent count),2026-01-01,9999-12-31,TRUE,2026-01;2026-02;2026-03;2026-04;2026-05;2026-06,6,FALSE,2026-01,2026-06,2026-07-15
S2P-00360,Kaseya,PCI Compliance,Kaseya/Continuum RMM,PCI Compliance,product (agent count),2026-01-01,9999-12-31,TRUE,2026-01;2026-02;2026-03;2026-04;2026-05;2026-06,6,FALSE,2026-01,2026-06,2026-07-15
S2P-00361,Kaseya,Premium,Kaseya/Continuum RMM,Premium,product (agent count),2026-01-01,9999-12-31,TRUE,2026-01;2026-02;2026-03;2026-04;2026-05;2026-06,6,FALSE,2026-01,2026-06,2026-07-15
S2P-00362,Kaseya,SQL,Kaseya/Continuum RMM,SQL,product (agent count),2026-01-01,9999-12-31,TRUE,2026-01;2026-02;2026-03;2026-04;2026-05;2026-06,6,FALSE,2026-01,2026-06,2026-07-15
S2P-00363,Kaseya,Security,Kaseya/Continuum RMM,Security,product (agent count),2026-01-01,9999-12-31,TRUE,2026-01;2026-02;2026-03;2026-04;2026-05;2026-06,6,FALSE,2026-01,2026-06,2026-07-15
S2P-00364,Malwarebytes,,Malwarebytes/ThreatDown,Malwarebytes Anti-Malware for Business,product,2026-01-01,9999-12-31,TRUE,2026-01;2026-02;2026-04;2026-05,4,TRUE,2026-01,2026-06,2026-07-15
S2P-00365,Malwarebytes,,Malwarebytes/ThreatDown,Malwarebytes Endpoint Protection and Response,product,2026-01-01,9999-12-31,TRUE,2026-01;2026-02;2026-04;2026-05,4,TRUE,2026-01,2026-06,2026-07-15
S2P-00366,Malwarebytes,,Malwarebytes/ThreatDown,Malwarebytes Endpoint Security,product,2026-01-01,9999-12-31,TRUE,2026-01;2026-02;2026-04;2026-05,4,TRUE,2026-01,2026-06,2026-07-15
S2P-00367,Malwarebytes,,Malwarebytes/ThreatDown,Malwarebytes EP Detection and Response 1-499,product,2026-01-01,9999-12-31,TRUE,2026-01;2026-02;2026-04;2026-05,4,TRUE,2026-01,2026-06,2026-07-15
S2P-00368,Malwarebytes,,Malwarebytes/ThreatDown,Malwarebytes EP Detection and Response 500-999,product,2026-01-01,9999-12-31,TRUE,2026-01;2026-02;2026-04;2026-05,4,TRUE,2026-01,2026-06,2026-07-15
S2P-00369,Malwarebytes,,Malwarebytes/ThreatDown,Malwarebytes EP Protection 1-499,product,2026-01-01,2026-01-31,FALSE,2026-01,1,FALSE,2026-01,2026-06,2026-07-15
S2P-00370,Malwarebytes,,Malwarebytes/ThreatDown,Malwarebytes EP Protection 500-999,product,2026-01-01,2026-01-31,FALSE,2026-01,1,FALSE,2026-01,2026-06,2026-07-15
S2P-00371,Malwarebytes,,Malwarebytes/ThreatDown,Malwarebytes Vulnerability and Patch Mgnt 1-499,product,2026-01-01,9999-12-31,TRUE,2026-01;2026-02;2026-04;2026-05,4,TRUE,2026-01,2026-06,2026-07-15
S2P-00372,Malwarebytes,,Malwarebytes/ThreatDown,Malwarebytes Endpoint Protection,product,2026-04-01,9999-12-31,TRUE,2026-04;2026-05,2,FALSE,2026-01,2026-06,2026-07-15
S2P-00373,Malwarebytes,ThreatDown Application Block,Malwarebytes/ThreatDown,,product,2026-01-01,2026-02-28,FALSE,2026-01;2026-02,2,FALSE,2026-01,2026-06,2026-07-15
S2P-00374,Malwarebytes,ThreatDown DNS Filtering,Malwarebytes/ThreatDown,Malwarebytes DNS Filtering 1-499,product,2026-01-01,9999-12-31,TRUE,2026-01;2026-02;2026-04;2026-05,4,TRUE,2026-01,2026-06,2026-07-15
S2P-00375,Malwarebytes,ThreatDown Endpoint Detection and Response,Malwarebytes/ThreatDown,Malwarebytes EP Detection and Response 1000-2999,product,2026-01-01,9999-12-31,TRUE,2026-01;2026-02;2026-04;2026-05,4,TRUE,2026-01,2026-06,2026-07-15
S2P-00376,Malwarebytes,ThreatDown Endpoint Detection and Response for Servers,Malwarebytes/ThreatDown,Malwarebytes EP Detect&Response for Svrs 1-499,product,2026-01-01,9999-12-31,TRUE,2026-01;2026-02;2026-04;2026-05,4,TRUE,2026-01,2026-06,2026-07-15
S2P-00377,Malwarebytes,ThreatDown Endpoint Protection,Malwarebytes/ThreatDown,Malwarebytes Endpoint Protection,product,2026-01-01,9999-12-31,TRUE,2026-01;2026-02;2026-04;2026-05,4,TRUE,2026-01,2026-06,2026-07-15
S2P-00378,Malwarebytes,ThreatDown Endpoint Protection for Servers,Malwarebytes/ThreatDown,Malwarebytes EP  Protection for Svr 1-499,product,2026-01-01,9999-12-31,TRUE,2026-01;2026-02;2026-04;2026-05,4,TRUE,2026-01,2026-06,2026-07-15
S2P-00379,Malwarebytes,ThreatDown Incident Response,Malwarebytes/ThreatDown,Malwarebytes Incident Response 1-499,product,2026-01-01,9999-12-31,TRUE,2026-01;2026-02;2026-04;2026-05,4,TRUE,2026-01,2026-06,2026-07-15
S2P-00380,Malwarebytes,ThreatDown Managed Detection and Response,Malwarebytes/ThreatDown,,product,2026-01-01,9999-12-31,TRUE,2026-01;2026-02;2026-04;2026-05,4,TRUE,2026-01,2026-06,2026-07-15
S2P-00381,Malwarebytes,ThreatDown Managed Threat Hunting,Malwarebytes/ThreatDown,,product,2026-01-01,9999-12-31,TRUE,2026-01;2026-02;2026-04;2026-05,4,TRUE,2026-01,2026-06,2026-07-15
S2P-00382,Malwarebytes,ThreatDown Mobile Security for Busines,Malwarebytes/ThreatDown,Malwarebytes Mobile Security 1-499,product,2026-01-01,9999-12-31,TRUE,2026-01;2026-02;2026-04;2026-05,4,TRUE,2026-01,2026-06,2026-07-15
S2P-00383,Malwarebytes,ThreatDown Vulnerability and Patch Management,Malwarebytes/ThreatDown,Malwarebytes Vulnerability and Patch Mgnt 1000-2999,product,2026-01-01,9999-12-31,TRUE,2026-01;2026-02;2026-04;2026-05,4,TRUE,2026-01,2026-06,2026-07-15
S2P-00384,Piriform,LEGACYTBSVPICCNDM00,Piriform CCleaner,Piriform CC Mtly Subscription,volume tier,2026-01-01,9999-12-31,TRUE,2026-01;2026-02;2026-03;2026-04;2026-05,5,FALSE,2026-01,2026-06,2026-07-15
S2P-00385,Piriform,PCC10-99,Piriform CCleaner,Piriform CCleaner 10-99,volume tier,2026-01-01,9999-12-31,TRUE,2026-01;2026-02;2026-03;2026-04;2026-05,5,FALSE,2026-01,2026-06,2026-07-15
S2P-00386,Piriform,PCC100-249,Piriform CCleaner,Piriform CCleaner 100-249,volume tier,2026-01-01,9999-12-31,TRUE,2026-01;2026-02;2026-03;2026-04;2026-05,5,FALSE,2026-01,2026-06,2026-07-15
S2P-00387,Piriform,PCC1000,Piriform CCleaner,Piriform CCleaner 1000+,volume tier,2026-01-01,2026-01-31,FALSE,2026-01,1,FALSE,2026-01,2026-06,2026-07-15
S2P-00388,Piriform,PCC250-499,Piriform CCleaner,Piriform CCleaner 250-499,volume tier,2026-01-01,9999-12-31,TRUE,2026-01;2026-02;2026-03;2026-04;2026-05,5,FALSE,2026-01,2026-06,2026-07-15
S2P-00389,Piriform,PCC500-749,Piriform CCleaner,Piriform CCleaner 500-749,volume tier,2026-01-01,2026-04-30,FALSE,2026-01;2026-02;2026-03;2026-04,4,FALSE,2026-01,2026-06,2026-07-15
S2P-00390,Piriform,PCC750-999,Piriform CCleaner,Piriform CCleaner 750-999,volume tier,2026-01-01,9999-12-31,TRUE,2026-01;2026-02;2026-03;2026-04;2026-05,5,FALSE,2026-01,2026-06,2026-07-15
S2P-00391,Piriform,TBSVPICCNM,Piriform CCleaner,Piriform Ccleaner 1-99,volume tier,2026-04-01,9999-12-31,TRUE,2026-04;2026-05,2,FALSE,2026-01,2026-06,2026-07-15
S2P-00392,Proofpoint,Advanced,Proofpoint Essentials,CU-Proofpoint Advanced,partner x package,2026-01-01,9999-12-31,TRUE,2026-01;2026-02;2026-03;2026-04;2026-05;2026-06,6,FALSE,2026-01,2026-06,2026-07-15
S2P-00393,Proofpoint,Advanced +,Proofpoint Essentials,CU-Proofpoint Advanced Plus,partner x package,2026-01-01,9999-12-31,TRUE,2026-01;2026-02;2026-03;2026-04;2026-05;2026-06,6,FALSE,2026-01,2026-06,2026-07-15
S2P-00394,Proofpoint,Advanced OEM,ConnectWise Email Security (OEM),SwO ConnectWise Email Security Advanced,partner x package,2026-01-01,9999-12-31,TRUE,2026-01;2026-02;2026-03;2026-04;2026-05;2026-06,6,FALSE,2026-01,2026-06,2026-07-15
S2P-00395,Proofpoint,Basic OEM,ConnectWise Email Security (OEM),SwO ConnectWise Email Security Essentials,partner x package,2026-01-01,9999-12-31,TRUE,2026-01;2026-02;2026-03;2026-04;2026-05;2026-06,6,FALSE,2026-01,2026-06,2026-07-15
S2P-00396,Proofpoint,Beginner,Proofpoint Essentials,CU-Proofpoint Beginner,partner x package,2026-01-01,9999-12-31,TRUE,2026-01;2026-02;2026-03;2026-04;2026-05;2026-06,6,FALSE,2026-01,2026-06,2026-07-15
S2P-00397,Proofpoint,Business,Proofpoint Essentials,CU-Proofpoint Business,partner x package,2026-01-01,9999-12-31,TRUE,2026-01;2026-02;2026-03;2026-04;2026-05;2026-06,6,FALSE,2026-01,2026-06,2026-07-15
S2P-00398,Proofpoint,Business +,Proofpoint Essentials,CU-Proofpoint Business Plus,partner x package,2026-01-01,9999-12-31,TRUE,2026-01;2026-02;2026-03;2026-04;2026-05;2026-06,6,FALSE,2026-01,2026-06,2026-07-15
S2P-00399,Proofpoint,Professional,Proofpoint Essentials,CU-Proofpoint Professional,partner x package,2026-01-01,9999-12-31,TRUE,2026-01;2026-02;2026-03;2026-04;2026-05;2026-06,6,FALSE,2026-01,2026-06,2026-07-15
S2P-00400,Proofpoint,Professional +,Proofpoint Essentials,CU-Proofpoint Professional Plus,partner x package,2026-01-01,9999-12-31,TRUE,2026-01;2026-02;2026-03;2026-04;2026-05;2026-06,6,FALSE,2026-01,2026-06,2026-07-15
S2P-00401,Proofpoint,Security Awareness,Proofpoint Security Awareness,CU-Proofpoint PESA,partner x package,2026-01-01,9999-12-31,TRUE,2026-01;2026-02;2026-03;2026-04;2026-05;2026-06,6,FALSE,2026-01,2026-06,2026-07-15
S2P-00402,SentinelOne,Cloud Funnel,SentinelOne,,FAMILY,2026-01-01,9999-12-31,TRUE,2026-01;2026-02;2026-03;2026-04;2026-05,5,FALSE,2026-01,2026-06,2026-07-15
S2P-00403,SentinelOne,Complete,SentinelOne,SentinelOne Complete,FAMILY,2026-01-01,9999-12-31,TRUE,2026-01;2026-02;2026-03;2026-04;2026-05,5,FALSE,2026-01,2026-06,2026-07-15
S2P-00404,SentinelOne,Control,SentinelOne,SentinelOne Control,FAMILY,2026-01-01,9999-12-31,TRUE,2026-01;2026-02;2026-03;2026-04;2026-05,5,FALSE,2026-01,2026-06,2026-07-15
S2P-00405,SentinelOne,Core,SentinelOne,,FAMILY,2026-02-01,9999-12-31,TRUE,2026-02;2026-03;2026-04;2026-05,4,FALSE,2026-01,2026-06,2026-07-15
S2P-00406,SentinelOne,Data Retention 180 Days,SentinelOne,,FAMILY,2026-01-01,9999-12-31,TRUE,2026-01;2026-02;2026-03;2026-04;2026-05,5,FALSE,2026-01,2026-06,2026-07-15
S2P-00407,SentinelOne,Data Retention 30 Days,SentinelOne,,FAMILY,2026-01-01,9999-12-31,TRUE,2026-01;2026-02;2026-03;2026-04;2026-05,5,FALSE,2026-01,2026-06,2026-07-15
S2P-00408,SentinelOne,Data Retention 365 Days (1yr),SentinelOne,,FAMILY,2026-01-01,9999-12-31,TRUE,2026-01;2026-02;2026-03;2026-04;2026-05,5,FALSE,2026-01,2026-06,2026-07-15
S2P-00409,SentinelOne,Data Retention 90 Days,SentinelOne,,FAMILY,2026-01-01,9999-12-31,TRUE,2026-01;2026-02;2026-03;2026-04;2026-05,5,FALSE,2026-01,2026-06,2026-07-15
S2P-00410,SentinelOne,Forensics,SentinelOne,,FAMILY,2026-01-01,9999-12-31,TRUE,2026-01;2026-02;2026-03;2026-04;2026-05,5,FALSE,2026-01,2026-06,2026-07-15
S2P-00411,SentinelOne,Purple AI,SentinelOne,,FAMILY,2026-01-01,9999-12-31,TRUE,2026-01;2026-02;2026-03;2026-04;2026-05,5,FALSE,2026-01,2026-06,2026-07-15
S2P-00412,SentinelOne,RSO,SentinelOne,,FAMILY,2026-01-01,9999-12-31,TRUE,2026-01;2026-02;2026-03;2026-04;2026-05,5,FALSE,2026-01,2026-06,2026-07-15
S2P-00413,SentinelOne,Ranger,SentinelOne,SentinelOne Singularity Ranger,FAMILY,2026-01-01,9999-12-31,TRUE,2026-01;2026-02;2026-03;2026-04;2026-05,5,FALSE,2026-01,2026-06,2026-07-15
S2P-00414,SentinelOne,Ranger AD Full,SentinelOne,,FAMILY,2026-03-01,9999-12-31,TRUE,2026-03;2026-04;2026-05,3,FALSE,2026-01,2026-06,2026-07-15
S2P-00415,SentinelOne,Ranger Insights,SentinelOne,,FAMILY,2026-01-01,9999-12-31,TRUE,2026-01;2026-02;2026-03;2026-04;2026-05,5,FALSE,2026-01,2026-06,2026-07-15
S2P-00416,SentinelOne,Singularity Identity,SentinelOne,,FAMILY,2026-04-01,9999-12-31,TRUE,2026-04;2026-05,2,FALSE,2026-01,2026-06,2026-07-15
S2P-00417,SentinelOne,Threat Intel,SentinelOne,,FAMILY,2026-01-01,9999-12-31,TRUE,2026-01;2026-02;2026-03;2026-04;2026-05,5,FALSE,2026-01,2026-06,2026-07-15
S2P-00418,StorageCraft,,StorageCraft ShadowProtect (legacy backup),SP5 Virtual Server Edition,partner+sku,2026-01-01,9999-12-31,TRUE,2026-01;2026-02;2026-03;2026-04;2026-05,5,FALSE,2026-01,2026-06,2026-07-15
S2P-00419,StorageCraft,,StorageCraft ShadowProtect (legacy backup),StrgCrft 5.0 SBS Legacy,partner+sku,2026-01-01,9999-12-31,TRUE,2026-01;2026-02;2026-03;2026-04;2026-05,5,FALSE,2026-01,2026-06,2026-07-15
S2P-00420,StorageCraft,,StorageCraft ShadowProtect (legacy backup),StrgCrft 5.0 Virtual Server CompUPG Legacy,partner+sku,2026-01-01,2026-01-31,FALSE,2026-01,1,FALSE,2026-01,2026-06,2026-07-15
S2P-00421,StorageCraft,,StorageCraft ShadowProtect (legacy backup),StrgCrft Granular Exch Recovery unlimited Legacy,partner+sku,2026-01-01,9999-12-31,TRUE,2026-01;2026-02;2026-03;2026-04;2026-05,5,FALSE,2026-01,2026-06,2026-07-15
S2P-00422,StorageCraft,,StorageCraft ShadowProtect (legacy backup),"StorageCraft ShadowProtect SPX Virtual Server MSP, Linux OS (MP)",partner+sku,2026-01-01,2026-04-30,FALSE,2026-01;2026-02;2026-04,3,TRUE,2026-01,2026-06,2026-07-15
S2P-00423,StorageCraft,,StorageCraft ShadowProtect (legacy backup),StrgCrft Virtual Server MSP,partner+sku,2026-01-01,2026-04-30,FALSE,2026-01;2026-02;2026-04,3,TRUE,2026-01,2026-06,2026-07-15
S2P-00424,StorageCraft,,StorageCraft ShadowProtect (legacy backup),Granular Recovery for Exchange,partner+sku,2026-01-01,9999-12-31,TRUE,2026-01;2026-02;2026-03;2026-05,4,TRUE,2026-01,2026-06,2026-07-15
S2P-00425,StorageCraft,,StorageCraft ShadowProtect (legacy backup),SP5 Desktop Edition,partner+sku,2026-01-01,9999-12-31,TRUE,2026-01;2026-02;2026-03;2026-05,4,TRUE,2026-01,2026-06,2026-07-15
S2P-00426,StorageCraft,,StorageCraft ShadowProtect (legacy backup),SP5 SBS Edition,partner+sku,2026-01-01,9999-12-31,TRUE,2026-01;2026-02;2026-03;2026-05,4,TRUE,2026-01,2026-06,2026-07-15
S2P-00427,StorageCraft,,StorageCraft ShadowProtect (legacy backup),s,partner+sku,2026-01-01,2026-02-28,FALSE,2026-01;2026-02,2,FALSE,2026-01,2026-06,2026-07-15
S2P-00428,StorageCraft,,StorageCraft ShadowProtect (legacy backup),StrgCrft 5.0 Desktop Legacy,partner+sku,2026-01-01,9999-12-31,TRUE,2026-01;2026-02;2026-03;2026-04;2026-05,5,FALSE,2026-01,2026-06,2026-07-15
S2P-00429,StorageCraft,,StorageCraft ShadowProtect (legacy backup),ShadowProtect Desktop MSP V5.x,partner+sku,2026-01-01,9999-12-31,TRUE,2026-01;2026-02;2026-03;2026-05,4,TRUE,2026-01,2026-06,2026-07-15
S2P-00430,StorageCraft,,StorageCraft ShadowProtect (legacy backup),SP5 Server Edition,partner+sku,2026-01-01,9999-12-31,TRUE,2026-01;2026-02;2026-03;2026-05,4,TRUE,2026-01,2026-06,2026-07-15
S2P-00431,StorageCraft,,StorageCraft ShadowProtect (legacy backup),StorageCraft Server 5.0 Legacy,partner+sku,2026-01-01,9999-12-31,TRUE,2026-01;2026-02;2026-03;2026-04;2026-05,5,FALSE,2026-01,2026-06,2026-07-15
S2P-00432,StorageCraft,,StorageCraft ShadowProtect (legacy backup),Cloud Backup for Office365 (AWS) - Legacy,partner+sku,2026-01-01,9999-12-31,TRUE,2026-01;2026-02;2026-03;2026-05,4,TRUE,2026-01,2026-06,2026-07-15
S2P-00433,StorageCraft,,StorageCraft ShadowProtect (legacy backup),ShadowStream Advanced Replication,partner+sku,2026-01-01,9999-12-31,TRUE,2026-01;2026-02;2026-03;2026-05,4,TRUE,2026-01,2026-06,2026-07-15
S2P-00434,StorageCraft,,StorageCraft ShadowProtect (legacy backup),SPX SBS Edition,partner+sku,2026-01-01,9999-12-31,TRUE,2026-01;2026-02;2026-03;2026-05,4,TRUE,2026-01,2026-06,2026-07-15
S2P-00435,StorageCraft,,StorageCraft ShadowProtect (legacy backup),SPX SBS Cloud Bundle (license only),partner+sku,2026-01-01,9999-12-31,TRUE,2026-01;2026-02;2026-03;2026-05,4,TRUE,2026-01,2026-06,2026-07-15
S2P-00436,StorageCraft,,StorageCraft ShadowProtect (legacy backup),StrgCrft Small Business Server MSP,partner+sku,2026-01-01,2026-04-30,FALSE,2026-01;2026-02;2026-04,3,TRUE,2026-01,2026-06,2026-07-15
S2P-00437,StorageCraft,,StorageCraft ShadowProtect (legacy backup),StorageCraft Small Business Server MSP,partner+sku,2026-01-01,2026-04-30,FALSE,2026-01;2026-02;2026-04,3,TRUE,2026-01,2026-06,2026-07-15
S2P-00438,StorageCraft,,StorageCraft ShadowProtect (legacy backup),StorageCraft Cloud Backup for Office365 to Azure (US),partner+sku,2026-01-01,2026-04-30,FALSE,2026-01;2026-02;2026-04,3,TRUE,2026-01,2026-06,2026-07-15
S2P-00439,StorageCraft,,StorageCraft ShadowProtect (legacy backup),"StorageCraft ShadowProtect SPX Virtual Server MSP, Linux OS (MP) ROW",partner+sku,2026-03-01,9999-12-31,TRUE,2026-03;2026-05,2,TRUE,2026-01,2026-06,2026-07-15
S2P-00440,StorageCraft,,StorageCraft ShadowProtect (legacy backup),StorageCraft Server 5.0,partner+sku,2026-03-01,9999-12-31,TRUE,2026-03;2026-04;2026-05,3,FALSE,2026-01,2026-06,2026-07-15
S2P-00441,StorageCraft,,StorageCraft ShadowProtect (legacy backup),Cloud Backup for Office365 (Azure) - Legacy,partner+sku,2026-03-01,9999-12-31,TRUE,2026-03;2026-05,2,TRUE,2026-01,2026-06,2026-07-15
S2P-00442,StorageCraft,,StorageCraft ShadowProtect (legacy backup),Stgcrft ShadowProtect SPX Vir Windows Svr MSP (Legacy),partner+sku,2026-04-01,2026-04-30,FALSE,2026-04,1,FALSE,2026-01,2026-06,2026-07-15
S2P-00443,StorageCraft,,StorageCraft ShadowProtect (legacy backup),StorageCraft Cloud Backup for Office365 to AWS (NA),partner+sku,2026-04-01,2026-04-30,FALSE,2026-04,1,FALSE,2026-01,2026-06,2026-07-15
S2P-00444,StorageCraft,,StorageCraft ShadowProtect (legacy backup),ShadowProtect SPX SBS(Windows)- MSP/Cloud Bundle Promo,partner+sku,2026-04-01,2026-04-30,FALSE,2026-04,1,FALSE,2026-01,2026-06,2026-07-15
S2P-00445,StorageCraft,,StorageCraft ShadowProtect (legacy backup),SPX Virtual Server Edition (Microsoft OS),partner+sku,2026-04-01,2026-04-30,FALSE,2026-04,1,FALSE,2026-01,2026-06,2026-07-15
S2P-00446,StorageCraft,,StorageCraft ShadowProtect (legacy backup),3PARTYONPREMSPSVRMSP,partner+sku,2026-05-01,9999-12-31,TRUE,2026-05,1,FALSE,2026-01,2026-06,2026-07-15
S2P-00447,StorageCraft,3PARTYONPREMDSKTOPST,StorageCraft ShadowProtect (legacy backup),StrgCrft 5.0 Desktop Legacy,partner+sku,2026-03-01,2026-03-31,FALSE,2026-03,1,FALSE,2026-01,2026-06,2026-07-15
S2P-00448,StorageCraft,BSBM50EUNS011MZZZ,StorageCraft ShadowProtect (legacy backup),,partner+sku,2026-01-01,9999-12-31,TRUE,2026-01;2026-02;2026-03;2026-04;2026-05,5,FALSE,2026-01,2026-06,2026-07-15
S2P-00449,StorageCraft,BSBM50USNS011MZZZ,StorageCraft ShadowProtect (legacy backup),ShadowProtect Desktop MSP V5.x,partner+sku,2026-01-01,9999-12-31,TRUE,2026-01;2026-02;2026-03;2026-04;2026-05,5,FALSE,2026-01,2026-06,2026-07-15
S2P-00450,StorageCraft,CSTM60USNS011MZZZ,StorageCraft ShadowProtect (legacy backup),ShadowStream Advanced Replication,partner+sku,2026-01-01,9999-12-31,TRUE,2026-01;2026-02;2026-03;2026-04;2026-05,5,FALSE,2026-01,2026-06,2026-07-15
S2P-00451,StorageCraft,DSDM50EUNS011MZZZ,StorageCraft ShadowProtect (legacy backup),,partner+sku,2026-01-01,9999-12-31,TRUE,2026-01;2026-02;2026-03;2026-04;2026-05,5,FALSE,2026-01,2026-06,2026-07-15
S2P-00452,StorageCraft,DSDM50USNS011MZZZ,StorageCraft ShadowProtect (legacy backup),StrgCrft ShadowProtect Dsktp MSP,partner+sku,2026-01-01,9999-12-31,TRUE,2026-01;2026-02;2026-03;2026-04;2026-05,5,FALSE,2026-01,2026-06,2026-07-15
S2P-00453,StorageCraft,GMSP70EUNS011MZZZ,StorageCraft ShadowProtect (legacy backup),,partner+sku,2026-01-01,9999-12-31,TRUE,2026-01;2026-02;2026-03;2026-04;2026-05,5,FALSE,2026-01,2026-06,2026-07-15
S2P-00454,StorageCraft,GMSP70USNS011MZZZ,StorageCraft ShadowProtect (legacy backup),"ShadowProtect, Granular Recovery for Exchange",partner+sku,2026-01-01,9999-12-31,TRUE,2026-01;2026-02;2026-03;2026-04;2026-05,5,FALSE,2026-01,2026-06,2026-07-15
S2P-00455,StorageCraft,KXDM00EUNS011MZZZ,StorageCraft ShadowProtect (legacy backup),SPX Desktop Edition,partner+sku,2026-01-01,9999-12-31,TRUE,2026-01;2026-02;2026-03;2026-04;2026-05,5,FALSE,2026-01,2026-06,2026-07-15
S2P-00456,StorageCraft,KXDM00USNS011MZZZ,StorageCraft ShadowProtect (legacy backup),SPX Desktop Edition,partner+sku,2026-01-01,9999-12-31,TRUE,2026-01;2026-02;2026-03;2026-04;2026-05,5,FALSE,2026-01,2026-06,2026-07-15
S2P-00457,StorageCraft,LEGACYSKULTSCDSK5,StorageCraft ShadowProtect (legacy backup),StorageCraft Desktop 5.0,partner+sku,2026-03-01,2026-03-31,FALSE,2026-03,1,FALSE,2026-01,2026-06,2026-07-15
S2P-00458,StorageCraft,SSSM50EUNS011MZZZ,StorageCraft ShadowProtect (legacy backup),,partner+sku,2026-01-01,9999-12-31,TRUE,2026-01;2026-02;2026-03;2026-04;2026-05,5,FALSE,2026-01,2026-06,2026-07-15
S2P-00459,StorageCraft,SSSM50USNS011MZZZ,StorageCraft ShadowProtect (legacy backup),SP5 Server Edition,partner+sku,2026-01-01,9999-12-31,TRUE,2026-01;2026-02;2026-03;2026-04;2026-05,5,FALSE,2026-01,2026-06,2026-07-15
S2P-00460,StorageCraft,SSVM50EUNS011MZZZ,StorageCraft ShadowProtect (legacy backup),,partner+sku,2026-01-01,9999-12-31,TRUE,2026-01;2026-02;2026-03;2026-04;2026-05,5,FALSE,2026-01,2026-06,2026-07-15
S2P-00461,StorageCraft,SSVM50USNS011MZZZ,StorageCraft ShadowProtect (legacy backup),SP5 Virtual Server Edition,partner+sku,2026-01-01,9999-12-31,TRUE,2026-01;2026-02;2026-03;2026-04;2026-05,5,FALSE,2026-01,2026-06,2026-07-15
S2P-00462,StorageCraft,StorageCraft Desktop 5.0,StorageCraft ShadowProtect (legacy backup),StorageCraft Desktop 5.0,partner+sku,2026-01-01,9999-12-31,TRUE,2026-01;2026-02;2026-03;2026-04;2026-05,5,FALSE,2026-01,2026-06,2026-07-15
S2P-00463,StorageCraft,StorageCraft ShadowProtect Server MSP,StorageCraft ShadowProtect (legacy backup),StorageCraft ShadowProtect Server MSP,partner+sku,2026-01-01,2026-04-30,FALSE,2026-01;2026-02;2026-04,3,TRUE,2026-01,2026-06,2026-07-15
S2P-00464,StorageCraft,StrgCrft 5.0 Virtual Server Legacy,StorageCraft ShadowProtect (legacy backup),StrgCrft 5.0 Virtual Server Legacy,partner+sku,2026-01-01,9999-12-31,TRUE,2026-01;2026-02;2026-03;2026-04;2026-05,5,FALSE,2026-01,2026-06,2026-07-15
S2P-00465,StorageCraft,StrgCrft Server 5.0 Server Legacy,StorageCraft ShadowProtect (legacy backup),StrgCrft Server 5.0 Server Legacy,partner+sku,2026-01-01,9999-12-31,TRUE,2026-01;2026-02;2026-03;2026-04;2026-05,5,FALSE,2026-01,2026-06,2026-07-15
S2P-00466,StorageCraft,StrgCrft ShadowProtect Dsktp MSP,StorageCraft ShadowProtect (legacy backup),StrgCrft ShadowProtect Dsktp MSP,partner+sku,2026-01-01,2026-04-30,FALSE,2026-01;2026-02;2026-04,3,TRUE,2026-01,2026-06,2026-07-15
S2P-00467,StorageCraft,XPBM00EUNS011MZZZ,StorageCraft ShadowProtect (legacy backup),,partner+sku,2026-01-01,9999-12-31,TRUE,2026-01;2026-02;2026-03;2026-04;2026-05,5,FALSE,2026-01,2026-06,2026-07-15
S2P-00468,StorageCraft,XPBM00USNS011MZZZ,StorageCraft ShadowProtect (legacy backup),"ShadowProtect, Small Business Server License",partner+sku,2026-01-01,9999-12-31,TRUE,2026-01;2026-02;2026-03;2026-04;2026-05,5,FALSE,2026-01,2026-06,2026-07-15
S2P-00469,StorageCraft,XPXM00USNS011MZZZ,StorageCraft ShadowProtect (legacy backup),,partner+sku,2026-01-01,9999-12-31,TRUE,2026-01;2026-02;2026-03;2026-04;2026-05,5,FALSE,2026-01,2026-06,2026-07-15
S2P-00470,StorageCraft,XPXW00EUNS011MZZZ,StorageCraft ShadowProtect (legacy backup),SPX Server Edition (Microsoft OS),partner+sku,2026-01-01,9999-12-31,TRUE,2026-01;2026-02;2026-03;2026-04;2026-05,5,FALSE,2026-01,2026-06,2026-07-15
S2P-00471,StorageCraft,XPXW00USNS011MZZZ,StorageCraft ShadowProtect (legacy backup),SPX Server Edition (Microsoft OS),partner+sku,2026-01-01,9999-12-31,TRUE,2026-01;2026-02;2026-03;2026-04;2026-05,5,FALSE,2026-01,2026-06,2026-07-15
S2P-00472,StorageCraft,XVWX00EUNS011MZZZ,StorageCraft ShadowProtect (legacy backup),,partner+sku,2026-01-01,9999-12-31,TRUE,2026-01;2026-02;2026-03;2026-04;2026-05,5,FALSE,2026-01,2026-06,2026-07-15
S2P-00473,StorageCraft,XVWX00USNS011MZZZ,StorageCraft ShadowProtect (legacy backup),SPX Virtual Server Edition (Microsoft OS),partner+sku,2026-01-01,9999-12-31,TRUE,2026-01;2026-02;2026-03;2026-04;2026-05,5,FALSE,2026-01,2026-06,2026-07-15
S2P-00474,StorageCraft,XVXM00USNS011MZZZ,StorageCraft ShadowProtect (legacy backup),,partner+sku,2026-01-01,9999-12-31,TRUE,2026-01;2026-02;2026-03;2026-04;2026-05,5,FALSE,2026-01,2026-06,2026-07-15
S2P-00475,Webroot CMS,SAEP,GSM,,FAMILY,2026-01-01,9999-12-31,TRUE,2026-01;2026-02;2026-03;2026-04;2026-05,5,FALSE,2026-01,2026-06,2026-07-15
S2P-00476,Webroot CMS,SDNS,DNS,,FAMILY,2026-01-01,9999-12-31,TRUE,2026-01;2026-02;2026-03;2026-04;2026-05,5,FALSE,2026-01,2026-06,2026-07-15
S2P-00477,Webroot CMS,SECA,SAT,,FAMILY,2026-01-01,9999-12-31,TRUE,2026-01;2026-02;2026-03;2026-04;2026-05,5,FALSE,2026-01,2026-06,2026-07-15
S2P-00478,Webroot CW,SAEP,GSM,,FAMILY,2026-01-01,9999-12-31,TRUE,2026-01;2026-02;2026-03;2026-04;2026-05,5,FALSE,2026-01,2026-06,2026-07-15
S2P-00479,Webroot CW,SDNS,DNS,,FAMILY,2026-01-01,9999-12-31,TRUE,2026-01;2026-02;2026-03;2026-04;2026-05,5,FALSE,2026-01,2026-06,2026-07-15
S2P-00480,Webroot CW,SECA,SAT,,FAMILY,2026-01-01,9999-12-31,TRUE,2026-01;2026-02;2026-03;2026-04;2026-05,5,FALSE,2026-01,2026-06,2026-07-15
S2P-00481,Webroot CW,xx,,,FAMILY,2026-02-01,2026-02-28,FALSE,2026-02,1,FALSE,2026-01,2026-06,2026-07-15
