VENDOR,CW_SKU,SKU_MATCH_KEY,CONTRACT_COST_RATE,VENDOR_UNIT_PRICE,CW_UNIT_PRICE
Acronis,APP-SA-SBATFNLOS,SBATFNLOS,0.6745,0.71,1.82
Acronis,SBATFNLOS,SBATFNLOS,0.6745,,
Acronis,APP-BC-SEDAMSENS,SEDAMSENS,1.3775,1.75,3.9
Acronis,M2M-APP-BC-SEDAMSENS,SEDAMSENS,1.3775,,
Acronis,SEDAMSENS,SEDAMSENS,1.3775,,
Acronis,ACB-USD-M00-TASO4AMSEN,SO4AMSENS,1.3348,,
Acronis,APP-BC-SO4AMSENS,SO4AMSENS,1.3348,1.45,2.47
Acronis,BB-ACRONIS-ADV-PROTECTION-BUNDLE,SO4AMSENS,1.3348,,
Acronis,M2M-APP-BC-SO4AMSENS,SO4AMSENS,1.3348,,
Acronis,SO4AMSENS,SO4AMSENS,1.3348,,
Acronis,TASO4AMSEN,SO4AMSENS,1.3348,,
Acronis,APP-SA-SO6AMSENS,SO6AMSENS,0.7243,0.7,1.69
Acronis,SO6AMSENS,SO6AMSENS,0.7243,,
Acronis,APP-BC-SP1AMSENS,SP1AMSENS,0.0545,0.0351,0.16
Acronis,APP-SA-SP1AMSENS,SP1AMSENS,0.0545,0.0504,0.16
Acronis,LEGACYSKUTASP1AMSEN,SP1AMSENS,0.0545,,
Acronis,M2M-APP-BC-SP1AMSENS,SP1AMSENS,0.0545,,
Acronis,SP1AMSENS,SP1AMSENS,0.0545,0.0,0.17
Acronis,SP1AMSENS BY GB,SP1AMSENS,0.0545,,
Acronis,ACB-CAD-M00-TASP3AMSEN,SP3AMSENS,0.0646,,
Acronis,APP-BC-SP3AMSENS,SP3AMSENS,0.0646,0.0371,0.16
Acronis,SP3AMSENS,SP3AMSENS,0.0646,,
Acronis,SP3AMSENS PER GB,SP3AMSENS,0.0646,,
Acronis,SP3AMSENS PER TB,SP3AMSENS,0.0646,,
Acronis,TASP3AMSEN,SP3AMSENS,0.0646,,
Acronis,3PARTYONPREMSP4BMSE1,SP4BMSENS,0.0264,,
Acronis,3PARTYONPREMSP4BMSE2,SP4BMSENS,0.0264,,
Acronis,APP-BC-SP4BMSENS,SP4BMSENS,0.0264,0.015,0.09
Acronis,APP-SA-SP4BMSENS,SP4BMSENS,0.0264,0.0259,0.09
Acronis,BB-ACRONIS-PER-GB-BUNDLE,SP4BMSENS,0.0264,,
Acronis,M2M-APP-BC-SP4BMSENS,SP4BMSENS,0.0264,,
Acronis,SP4BMSENS,SP4BMSENS,0.0264,,
Acronis,SP4BMSENS / 3PARTYONPREMSP4BMSE1,SP4BMSENS,0.0264,,
Acronis,TBBUHYBRID,SP4BMSENS,0.0264,,
Acronis,ACB-USD-M00-TASP5AMSEN,SP5AMSENS,0.0113,,
Acronis,APP-SA-SP5AMSENS,SP5AMSENS,0.0113,0.0105,0.05
Acronis,M2M-APP-SA-SP5AMSENS,SP5AMSENS,0.0113,,
Acronis,SP5AMSENS,SP5AMSENS,0.0113,,
Acronis,TASP5AMSEN,SP5AMSENS,0.0113,,
Acronis,3PARTYONPREMACCLDDKT,SPBAMSENS,0.0545,,
Acronis,3PARTYONPREMACCLDSV4,SPBAMSENS,0.0545,,
Acronis,3PARTYONPREMCLOUDCAP,SPBAMSENS,0.0545,,
Acronis,3PARTYONPREMCLOUDCAP / ACRONISCLOUDHOSTSTND,SPBAMSENS,0.0545,,
Acronis,ACB-CAD-M00-TASPBAMSEN,SPBAMSENS,0.0545,,
Acronis,ACB-USD-M00-TASPBAMSEN,SPBAMSENS,0.0545,,
Acronis,ACRONISCLOUDHOSTSTND,SPBAMSENS,0.0545,,
Acronis,APP-BC-SPBAMSENS,SPBAMSENS,0.0545,0.0351,0.16
Acronis,BB-ACRONIS-PER-GB-BUNDLE,SPBAMSENS,0.0545,,
Acronis,M2M-APP-BC-SPBAMSENS,SPBAMSENS,0.0545,,
Acronis,MP-SPBAMSENS,SPBAMSENS,0.0545,,
Acronis,SPBAMSENS,SPBAMSENS,0.0545,,
Acronis,SPBAMSENS / 3PARTYONPREMCLOUDCAP,SPBAMSENS,0.0545,,
Acronis,SPBAMSENS / 3PARTYONPREMCLOUDCAP / ACRONISCLOUDHOSTSTND,SPBAMSENS,0.0545,,
Acronis,SPBAMSENS/3PARTYONPREMCLOUDCAP,SPBAMSENS,0.0545,,
Acronis,TASPBAMSEN,SPBAMSENS,0.0545,,
Acronis,TBBUHYBRID,SPBAMSENS,0.0545,,
Acronis,APP-BC-SPBBMSENS,SPBBMSENS,0.0313,0.0338,0.1
Acronis,M2M-APP-BC-SPBBMSENS,SPBBMSENS,0.0313,,
Acronis,SELFPROVIDEDSTORAGE,SPBBMSENS,0.0313,,
Acronis,SPBBMSENS,SPBBMSENS,0.0313,,
Acronis,ACB-USD-M00-TASPD5MSEN,SPD5MSENS,7.06,,
Acronis,APP-SA-SPD5MSENS,SPD5MSENS,7.06,8.0,20.8
Acronis,M2M-APP-SA-SPD5MSENS,SPD5MSENS,7.06,,
Acronis,SPD5MSENS,SPD5MSENS,7.06,,
Acronis,TASPD5MSEN,SPD5MSENS,7.06,,
Acronis,ACB-EUD-M00-TASPDAMSEN,SPDAMSENS,0.0148,,
Acronis,ACB-UKD-M00-TASPDAMSEN,SPDAMSENS,0.0148,,
Acronis,ACB-USD-M00-TASPDAMSEN,SPDAMSENS,0.0148,,
Acronis,APP-BC-SPDAMSENS,SPDAMSENS,0.0148,0.011,0.06
Acronis,BB-ACRONIS-WORKLOAD-BUNDLE,SPDAMSENS,0.0148,,
Acronis,M2M-APP-BC-SPDAMSENS,SPDAMSENS,0.0148,,
Acronis,SPDAMSENS,SPDAMSENS,0.0148,,
Acronis,SPDAMSENS1GB,SPDAMSENS,0.0148,,
Acronis,SPDAMSENS1GB / SPDAMSENSBUCLD1TB,SPDAMSENS,0.0148,,
Acronis,SPDAMSENS1GB/SPDAMSENSBUCLD1TB,SPDAMSENS,0.0148,,
Acronis,SPDAMSENSBUCLD1TB,SPDAMSENS,0.0148,,
Acronis,SPDAMSENSOverage,SPDAMSENS,0.0148,,
Acronis,TASPDAMSEN,SPDAMSENS,0.0148,,
Acronis,ACB-USD-M00-TASPDCMSEN,SPDCMSENS,,,
Acronis,APP-SA-SPDCMSENS,SPDCMSENS,,0.0,0.0
Acronis,M2M-APP-SA-SPDCMSENS,SPDCMSENS,,,
Acronis,SPDCMSENS,SPDCMSENS,,,
Acronis,ACB-EUD-M00-TASPEAMSEN,SPEAMSENS,10.3731,,
Acronis,ACB-UKD-M00-TASPEAMSEN,SPEAMSENS,10.3731,,
Acronis,ACB-USD-M00-TASPEAMSEN,SPEAMSENS,10.3731,,
Acronis,APP-BC-SPEAMSENS,SPEAMSENS,10.3731,8.7467,31.2
Acronis,BB-ACRONIS-WORKLOAD-BUNDLE,SPEAMSENS,10.3731,,
Acronis,M2M-APP-BC-SPEAMSENS,SPEAMSENS,10.3731,,
Acronis,MP-SPEAMSENS,SPEAMSENS,10.3731,,
Acronis,SPEAMSENS,SPEAMSENS,10.3731,,
Acronis,TASPEAMSEN,SPEAMSENS,10.3731,,
Acronis,ACB-UKD-M00-TASPFAMSEN,SPFAMSENS,3.6565,,
Acronis,ACB-USD-M00-TASPFAMSEN,SPFAMSENS,3.6565,,
Acronis,APP-BC-SPFAMSENS,SPFAMSENS,3.6565,3.4125,9.75
Acronis,BB-ACRONIS-WORKLOAD-BUNDLE,SPFAMSENS,3.6565,,
Acronis,M2M-APP-BC-SPFAMSENS,SPFAMSENS,3.6565,,
Acronis,MP-SPFAMSENS,SPFAMSENS,3.6565,,
Acronis,SPFAMSENS,SPFAMSENS,3.6565,,
Acronis,TASPFAMSEN,SPFAMSENS,3.6565,,
Acronis,ACB-EUD-M00-TASPGAMSEN,SPGAMSENS,1.704,,
Acronis,ACB-UKD-M00-TASPGAMSEN,SPGAMSENS,1.704,,
Acronis,ACB-USD-M00-TASPGAMSEN,SPGAMSENS,1.704,,
Acronis,APP-BC-SPGAMSENS,SPGAMSENS,1.704,1.6458,5.07
Acronis,BB-ACRONIS-WORKLOAD-BUNDLE,SPGAMSENS,1.704,,
Acronis,M2M-APP-BC-SPGAMSENS,SPGAMSENS,1.704,,
Acronis,MP-SPGAMSENS,SPGAMSENS,1.704,,
Acronis,SPGAMSENS,SPGAMSENS,1.704,,
Acronis,TASPGAMSEN,SPGAMSENS,1.704,,
Acronis,ACB-USD-M00-TASPIAMSEN,SPIAMSENS,0.6319,,
Acronis,APP-BC-SPIAMSENS,SPIAMSENS,0.6319,0.4873,2.21
Acronis,BB-ACRONIS-WORKLOAD-BUNDLE,SPIAMSENS,0.6319,,
Acronis,M2M-APP-BC-SPIAMSENS,SPIAMSENS,0.6319,,
Acronis,SPIAMSENS,SPIAMSENS,0.6319,,
Acronis,TASPIAMSEN,SPIAMSENS,0.6319,,
Acronis,APP-BC-SPXAMSENS,SPXAMSENS,0.0239,0.0154,0.07
Acronis,M2M-APP-BC-SPXAMSENS,SPXAMSENS,0.0239,,
Acronis,MP-SPXAMSENS,SPXAMSENS,0.0239,,
Acronis,SPXAMSENS,SPXAMSENS,0.0239,,
Acronis,APP-SPZBMSENS,SPZBMSENS,0.0593,0.0923,0.2
Acronis,SPZBMSENS,SPZBMSENS,0.0593,,
Acronis,APP-BC-SQ1AMSENS,SQ1AMSENS,0.0239,0.0154,0.07
Acronis,M2M-APP-BC-SQ1AMSENS,SQ1AMSENS,0.0239,,
Acronis,SQ1AMSENS,SQ1AMSENS,0.0239,,
Acronis,APP-BC-SQ2AMSENS,SQ2AMSENS,0.0646,0.0371,0.16
Acronis,M2M-APP-BC-SQ2AMSENS,SQ2AMSENS,0.0646,,
Acronis,SQ2AMSENS,SQ2AMSENS,0.0646,,
Acronis,SQ2AMSENS / 3PARTYONPREMSEFPRVSG,SQ2AMSENS,0.0646,,
Acronis,SQ2AMSENS PER GB,SQ2AMSENS,0.0646,,
Acronis,SQ2AMSENS PER TB,SQ2AMSENS,0.0646,,
Acronis,SQ2AMSENS PER TB / 3PARTYONPREMSEFPRVSG,SQ2AMSENS,0.0646,,
Acronis,APP-BC-SQ7AMSENS,SQ7AMSENS,1.87,1.782,5.07
Acronis,M2M-APP-BC-SQ7AMSENS,SQ7AMSENS,1.87,,
Acronis,SQ7AMSENS,SQ7AMSENS,1.87,,
Acronis,ACB-USD-M00-TASQ8AMSEN,SQ8AMSENS,1.1502,,
Acronis,APP-BC-SQ8AMSENS,SQ8AMSENS,1.1502,0.63,2.86
Acronis,M2M-APP-BC-SQ8AMSENS,SQ8AMSENS,1.1502,,
Acronis,SQ8AMSENS,SQ8AMSENS,1.1502,,
Acronis,TASQ8AMSEN,SQ8AMSENS,1.1502,,
Acronis,APP-SA-SQACMSENS,SQACMSENS,28.4,21.0,65.0
Acronis,SQACMSENS,SQACMSENS,28.4,,
Acronis,APP-SA-SQBPMSENS,SQBPMSENS,0.535,0.5075,1.86
Acronis,SQBPMSENS,SQBPMSENS,0.535,,
Acronis,ACB-USD-M00-TASQYAMSEN,SQYAMSENS,0.0275,,
Acronis,APP-BC-SQYAMSENS,SQYAMSENS,0.0275,0.03,0.06
Acronis,BB-ACRONIS-ADV-PROTECTION-BUNDLE,SQYAMSENS,0.0275,,
Acronis,M2M-APP-BC-SQYAMSENS,SQYAMSENS,0.0275,,
Acronis,SQYAMSENS,SQYAMSENS,0.0275,,
Acronis,TASQYAMSEN,SQYAMSENS,0.0275,,
Acronis,APP-BC-SR3AMSENS,SR3AMSENS,1.115,1.57,3.0
Acronis,M2M-APP-BC-SR3AMSENS,SR3AMSENS,1.115,,
Acronis,SR3AMSENS,SR3AMSENS,1.115,,
Acronis,APP-BC-SRAAMSENS,SRAAMSENS,0.5332,0.56,1.86
Acronis,M2M-APP-BC-SRAAMSENS,SRAAMSENS,0.5332,,
Acronis,MP-SRAAMSENS,SRAAMSENS,0.5332,,
Acronis,SRAAMSENS,SRAAMSENS,0.5332,,
Acronis,ACB-USD-M00-TASRBAMSEN,SRBAMSENS,0.37,,
Acronis,APP-BC-SRBAMSENS,SRBAMSENS,0.37,0.4,1.3
Acronis,M2M-APP-BC-SRBAMSENS,SRBAMSENS,0.37,,
Acronis,SRBAMSENS,SRBAMSENS,0.37,,
Acronis,TASRBAMSEN,SRBAMSENS,0.37,,
Acronis,ACB-UKD-M00-TASRHAMSEN,SRHAMSENS,0.7313,,
Acronis,ACB-USD-M00-TASRHAMSEN,SRHAMSENS,0.7313,,
Acronis,APP-BC-SRHAMSENS,SRHAMSENS,0.7313,0.36,2.47
Acronis,M2M-APP-BC-SRHAMSENS,SRHAMSENS,0.7313,,
Acronis,SRHAMSENS,SRHAMSENS,0.7313,,
Acronis,TASRHAMSEN,SRHAMSENS,0.7313,,
Acronis,ACB-USD-M00-TASRI5MSEN,SRI5MSENS,1.15,,
Acronis,APP-SA-SRI5MSENS,SRI5MSENS,1.15,1.45,3.25
Acronis,M2M-APP-SA-SRI5MSENS,SRI5MSENS,1.15,,
Acronis,SRI5MSENS,SRI5MSENS,1.15,,
Acronis,TASRI5MSEN,SRI5MSENS,1.15,,
Acronis,ACB-CAD-M00-TASRIAMSEN,SRIAMSENS,0.1725,,
Acronis,ACB-UKD-M00-TASRIAMSEN,SRIAMSENS,0.1725,,
Acronis,ACB-USD-M00-TASRIAMSEN,SRIAMSENS,0.1725,,
Acronis,APP-BC-SRIAMSENS,SRIAMSENS,0.1725,0.55,1.3
Acronis,BB-ACRONIS-ADV-PROTECTION-BUNDLE,SRIAMSENS,0.1725,,
Acronis,M2M-APP-BC-SRIAMSENS,SRIAMSENS,0.1725,,
Acronis,SRIAMSENS,SRIAMSENS,0.1725,,
Acronis,TASRIAMSEN,SRIAMSENS,0.1725,,
Acronis,ACB-USD-M00-TASRJAMSEN,SRJAMSENS,1.1502,,
Acronis,APP-BC-SRJAMSENS,SRJAMSENS,1.1502,1.24,2.86
Acronis,BB-ACRONIS-WORKLOAD-BUNDLE,SRJAMSENS,1.1502,,
Acronis,M2M-APP-BC-SRJAMSENS,SRJAMSENS,1.1502,,
Acronis,SRJAMSENS,SRJAMSENS,1.1502,,
Acronis,TASRJAMSEN,SRJAMSENS,1.1502,,
Acronis,APP-SA-SRJGMSENS,SRJGMSENS,0.831,0.7455,2.15
Acronis,M2M-APP-SA-SRJGMSENS,SRJGMSENS,0.831,,
Acronis,SRJGMSENS,SRJGMSENS,0.831,,
Acronis,APP-SRMAMSENS,SRMAMSENS,0.6674,0.6,1.56
Acronis,SRMAMSENS,SRMAMSENS,0.6674,,
Acronis,APP-SA-SRXAMSENS,SRXAMSENS,0.2575,0.6745,2.21
Acronis,SRXAMSENS,SRXAMSENS,0.2575,,
Acronis,APP-BC-SUVAMSENS,SUVAMSENS,0.0149,0.018,0.06
Acronis,M2M-APP-BC-SUVAMSENS,SUVAMSENS,0.0149,,
Acronis,SUVAMSENS,SUVAMSENS,0.0149,,
Acronis,TASUVAMSEN,SUVAMSENS,0.0149,,
Acronis,3PARTYONPREMHOSTEDDR,SVEAMSENS,0.0272,,
Acronis,ACB-CAD-M00-TASVEAMSEN,SVEAMSENS,0.0272,,
Acronis,ACB-UKD-M00-TASVEAMSEN,SVEAMSENS,0.0272,,
Acronis,ACB-USD-M00-TASVEAMSEN,SVEAMSENS,0.0272,,
Acronis,APP-BC-SVEAMSENS,SVEAMSENS,0.0272,0.032,0.08
Acronis,BB-ACRONIS-ADV-PROTECTION-BUNDLE,SVEAMSENS,0.0272,,
Acronis,LEGACYSKUTASPBAMSEN,SVEAMSENS,0.0272,,
Acronis,MP-SVEAMSENS,SVEAMSENS,0.0272,,
Acronis,SVEAMSENS,SVEAMSENS,0.0272,,
Acronis,SVEAMSENS / 3PARTYONPREMHOSTEDDR,SVEAMSENS,0.0272,,
Acronis,TASVEAMSEN,SVEAMSENS,0.0272,,
Auvik,,AUVIK_CMS_ASM,,,
Auvik,,AUVIK_CMS_ASM,,,
Auvik,,AUVIK_CMS_ASM,,,
Auvik,,AUVIK_CMS_ASM,,,
Auvik,,AUVIK_CMS_ASM,,,
Auvik,,AUVIK_CMS_ASM,,,
Auvik,,AUVIK_CMS_ASM,,,
Auvik,,AUVIK_CMS_ASM,,,
Auvik,,AUVIK_CMS_ASM,,,
Auvik,,AUVIK_CMS_ASM,,,
Auvik,,AUVIK_CMS_ASM,,,
Auvik,CMS-3P-UMM-RMM-SAAS-10070101,AUVIK_CMS_ESSENTIALS,,0.0,27.6
Auvik,CMS-3P-UMM-RMM-SAAS-10070203,AUVIK_CMS_ESSENTIALS,,0.0,25.3
Auvik,CMS-3P-UMM-RMM-SAAS-10072002,AUVIK_CMS_ESSENTIALS,,0.0,22.0
Auvik,CMS-UMM-SAAS-RMM-UMM-SRMMANM,AUVIK_CMS_ESSENTIALS,,0.0,1.5525
Auvik,CULCSAAS100706P00010,AUVIK_CMS_ESSENTIALS,,,
Auvik,CULCSAAS100707P00040,AUVIK_CMS_ESSENTIALS,,,
Auvik,CULCSAAS100708P00075,AUVIK_CMS_ESSENTIALS,,,
Auvik,CULCSAAS100708P00100,AUVIK_CMS_ESSENTIALS,,,
Auvik,CULCSAAS100709P00175,AUVIK_CMS_ESSENTIALS,,,
Auvik,CULCSAAS100710P00250,AUVIK_CMS_ESSENTIALS,,,
Auvik,CULCSAAS100711P00500,AUVIK_CMS_ESSENTIALS,,,
Auvik,CULCSAAS100712P00750,AUVIK_CMS_ESSENTIALS,,,
Auvik,CULCSAAS100713P10000,AUVIK_CMS_ESSENTIALS,,,
Auvik,CULCSAAS100714P01500,AUVIK_CMS_ESSENTIALS,,,
Auvik,CULCSAAS100727P00150,AUVIK_CMS_ESSENTIALS,,,
Auvik,CULCSAS10071601M0010,AUVIK_CMS_ESSENTIALS,,0.0,159.0
Auvik,CULCSAS10071701M0040,AUVIK_CMS_ESSENTIALS,,0.0,530.0
Auvik,CULCSAS10071801M0075,AUVIK_CMS_ESSENTIALS,,0.0,935.0
Auvik,CULCSAS10071801M0100,AUVIK_CMS_ESSENTIALS,,0.0,1060.0
Auvik,CULCSAS10071901M0150,AUVIK_CMS_ESSENTIALS,,0.0,1431.0
Auvik,CULCSAS10071901M0175,AUVIK_CMS_ESSENTIALS,,0.0,1670.0
Auvik,CULCSAS10072101M0750,AUVIK_CMS_ESSENTIALS,,0.0,5168.0
Auvik,CULCSAS10072201M1000,AUVIK_CMS_ESSENTIALS,,0.0,6360.0
Auvik,CULCSAS10072301M1500,AUVIK_CMS_ESSENTIALS,,0.0,8745.0
Auvik,CULCSAS10072501M0250,AUVIK_CMS_ESSENTIALS,,0.0,2120.0
Auvik,CULCSAS10072601M0500,AUVIK_CMS_ESSENTIALS,,0.0,3710.0
Auvik,M2MLICSAAS1007010001,AUVIK_CMS_ESSENTIALS,,,
Auvik,,AUVIK_CMS_ESSENTIALS,,,
Auvik,,AUVIK_CMS_ESSENTIALS,,,
Auvik,,AUVIK_CMS_ESSENTIALS,,,
Auvik,,AUVIK_CMS_ESSENTIALS,,,
Auvik,,AUVIK_CMS_ESSENTIALS,,,
Auvik,,AUVIK_CMS_ESSENTIALS,,,
Auvik,,AUVIK_CMS_ESSENTIALS,,,
Auvik,,AUVIK_CMS_ESSENTIALS,,,
Auvik,,AUVIK_CMS_ESSENTIALS,,,
Auvik,,AUVIK_CMS_ESSENTIALS,,,
Auvik,,AUVIK_CMS_ESSENTIALS,,,
Auvik,,AUVIK_CMS_ESSENTIALS,,,
Auvik,,AUVIK_CMS_ESSENTIALS,,,
Auvik,,AUVIK_CMS_ESSENTIALS,,,
Auvik,,AUVIK_CMS_ESSENTIALS,,,
Auvik,,AUVIK_CMS_ESSENTIALS,,,
Auvik,,AUVIK_CMS_ESSENTIALS,,,
Auvik,,AUVIK_CMS_ESSENTIALS,,,
Auvik,,AUVIK_CMS_ESSENTIALS,,,
Auvik,,AUVIK_CMS_ESSENTIALS,,,
Auvik,,AUVIK_CMS_ESSENTIALS,,,
Auvik,,AUVIK_CMS_ESSENTIALS,,,
Auvik,,AUVIK_CMS_ESSENTIALS,,,
Auvik,,AUVIK_CMS_ESSENTIALS,,,
Auvik,CMS-3P-UMM-RMM-SAAS-10070202,AUVIK_CMS_PERFORMANCE,,0.0,11.2
Auvik,CMS-3P-UMM-RMM-SAAS-10072003,AUVIK_CMS_PERFORMANCE,,0.0,10.35
Auvik,,AUVIK_CMS_PERFORMANCE,,,
Auvik,,AUVIK_CMS_PERFORMANCE,,,
Auvik,,AUVIK_CMS_PERFORMANCE,,,
Auvik,,AUVIK_CMS_PERFORMANCE,,,
Auvik,,AUVIK_CMS_PERFORMANCE,,,
Auvik,,AUVIK_CMS_PERFORMANCE,,,
Auvik,,AUVIK_CMS_PERFORMANCE,,,
Auvik,,AUVIK_CMS_PERFORMANCE,,,
Auvik,,AUVIK_CMS_PERFORMANCE,,,
Auvik,,AUVIK_CMS_PERFORMANCE,,,
Auvik,,AUVIK_CMS_PERFORMANCE,,,
Auvik,,AUVIK_CMS_PERFORMANCE,,,
Auvik,,AUVIK_CMS_PERFORMANCE,,,
Auvik,,AUVIK_CMS_PERFORMANCE,,,
Auvik,,AUVIK_CMS_PERFORMANCE,,,
Auvik,,AUVIK_CMS_PERFORMANCE,,,
Auvik,,AUVIK_CMS_PERFORMANCE,,,
Auvik,,AUVIK_CMS_PERFORMANCE,,,
Auvik,,AUVIK_CMS_PERFORMANCE,,,
Auvik,,AUVIK_CMS_PERFORMANCE,,,
Auvik,,AUVIK_CMS_PERFORMANCE,,,
Auvik,,AUVIK_CMS_PERFORMANCE,,,
Auvik,,AUVIK_CMS_PERFORMANCE,,,
Auvik,,AUVIK_CMS_PERFORMANCE,,,
Auvik,,AUVIK_CMS_PERFORMANCE,,,
Auvik,,AUVIK_CMS_PERFORMANCE,,,
Auvik,,AUVIK_CMS_PERFORMANCE,,,
Auvik,,AUVIK_CMS_PERFORMANCE,,,
Auvik,,AUVIK_CMS_PERFORMANCE,,,
Auvik,,AUVIK_CMS_PERFORMANCE,,,
Auvik,,AUVIK_CMS_PERFORMANCE,,,
Auvik,,AUVIK_CMS_PERFORMANCE,,,
Auvik,,AUVIK_CMS_PERFORMANCE,,,
Auvik,,AUVIK_CMS_PERFORMANCE,,,
Auvik,,AUVIK_CMS_PERFORMANCE,,,
Auvik,,AUVIK_CMS_PERFORMANCE,,,
Auvik,,AUVIK_CMS_PERFORMANCE,,,
Auvik,,AUVIK_CMS_PERFORMANCE,,,
Auvik,,AUVIK_CMS_PERFORMANCE,,,
Auvik,,AUVIK_CMS_PERFORMANCE,,,
Auvik,,AUVIK_CMS_PERFORMANCE,,,
Auvik,,AUVIK_CMS_PERFORMANCE,,,
Auvik,CW-AUVIK-MRM-ASM,AUVIK_CW_ASM,,2.1,3.5
Auvik,CW-AUVIK-MRM-ASM-IIT,AUVIK_CW_ASM,,,
Auvik,,AUVIK_CW_ASM,,,
Auvik,,AUVIK_CW_ASM,,,
Auvik,,AUVIK_CW_ASM,,,
Auvik,,AUVIK_CW_ASM,,,
Auvik,,AUVIK_CW_ASM,,,
Auvik,,AUVIK_CW_ASM,,,
Auvik,,AUVIK_CW_ASM,,,
Auvik,,AUVIK_CW_ASM,,,
Auvik,,AUVIK_CW_ASM,,,
Auvik,AUVIK-ESSENTIALS,AUVIK_CW_ESSENTIALS,,10.5,17.49
Auvik,AUVIK-INVENT-BILLING,AUVIK_CW_ESSENTIALS,,,
Auvik,AVNMM10,AUVIK_CW_ESSENTIALS,,,
Auvik,AVNMM100,AUVIK_CW_ESSENTIALS,,,
Auvik,AVNMM250,AUVIK_CW_ESSENTIALS,,,
Auvik,AVNMM40,AUVIK_CW_ESSENTIALS,,,
Auvik,AVNMM500,AUVIK_CW_ESSENTIALS,,,
Auvik,CULIC-SAAS1007010001,AUVIK_CW_ESSENTIALS,,,
Auvik,CULICSAS100600MCMP18,AUVIK_CW_ESSENTIALS,,,
Auvik,CWAN M-0,AUVIK_CW_ESSENTIALS,,,
Auvik,CWAN M-1,AUVIK_CW_ESSENTIALS,,,
Auvik,CWANNMM0,AUVIK_CW_ESSENTIALS,,,
Auvik,CWANNMM1,AUVIK_CW_ESSENTIALS,,,
Auvik,CWANNMM2,AUVIK_CW_ESSENTIALS,,,
Auvik,CWANNMM3,AUVIK_CW_ESSENTIALS,,,
Auvik,CWANNMM4,AUVIK_CW_ESSENTIALS,,,
Auvik,CWANNMM5,AUVIK_CW_ESSENTIALS,,,
Auvik,CWANNMM7,AUVIK_CW_ESSENTIALS,,,
Auvik,SRM-SAM-MSP,AUVIK_CW_ESSENTIALS,,,
Auvik,SwO-3P-UMM-RMM-SAAS-ADVNETKM,AUVIK_CW_ESSENTIALS,,,
Auvik,,AUVIK_CW_ESSENTIALS,,,
Auvik,,AUVIK_CW_ESSENTIALS,,,
Auvik,,AUVIK_CW_ESSENTIALS,,,
Auvik,,AUVIK_CW_ESSENTIALS,,,
Auvik,,AUVIK_CW_ESSENTIALS,,,
Auvik,,AUVIK_CW_ESSENTIALS,,,
Auvik,,AUVIK_CW_ESSENTIALS,,,
Auvik,,AUVIK_CW_ESSENTIALS,,,
Auvik,,AUVIK_CW_ESSENTIALS,,,
Auvik,,AUVIK_CW_ESSENTIALS,,,
Auvik,,AUVIK_CW_ESSENTIALS,,,
Auvik,,AUVIK_CW_ESSENTIALS,,,
Auvik,,AUVIK_CW_ESSENTIALS,,,
Auvik,,AUVIK_CW_ESSENTIALS,,,
Auvik,,AUVIK_CW_ESSENTIALS,,,
Auvik,,AUVIK_CW_ESSENTIALS,,,
Auvik,,AUVIK_CW_ESSENTIALS,,,
Auvik,,AUVIK_CW_ESSENTIALS,,,
Auvik,,AUVIK_CW_ESSENTIALS,,,
Auvik,,AUVIK_CW_ESSENTIALS,,,
Auvik,,AUVIK_CW_ESSENTIALS,,,
Auvik,,AUVIK_CW_ESSENTIALS,,,
Auvik,,AUVIK_CW_ESSENTIALS,,,
Auvik,,AUVIK_CW_ESSENTIALS,,,
Auvik,,AUVIK_CW_ESSENTIALS,,,
Auvik,,AUVIK_CW_ESSENTIALS,,,
Auvik,,AUVIK_CW_ESSENTIALS,,,
Auvik,,AUVIK_CW_ESSENTIALS,,,
Auvik,,AUVIK_CW_ESSENTIALS,,,
Auvik,,AUVIK_CW_ESSENTIALS,,,
Auvik,,AUVIK_CW_ESSENTIALS,,,
Auvik,,AUVIK_CW_ESSENTIALS,,,
Auvik,,AUVIK_CW_ESSENTIALS,,,
Auvik,,AUVIK_CW_ESSENTIALS,,,
Auvik,,AUVIK_CW_ESSENTIALS,,,
Auvik,,AUVIK_CW_ESSENTIALS,,,
Auvik,,AUVIK_CW_ESSENTIALS,,,
Auvik,,AUVIK_CW_ESSENTIALS,,,
Auvik,,AUVIK_CW_ESSENTIALS,,,
Auvik,,AUVIK_CW_ESSENTIALS,,,
Auvik,,AUVIK_CW_ESSENTIALS,,,
Auvik,,AUVIK_CW_ESSENTIALS,,,
Auvik,AUVIK-PRM-ANM-NEW-BUSSINESS,AUVIK_CW_PERFORMANCE,,17.5,27.5
Auvik,AUVIKPERFORMANCADDON,AUVIK_CW_PERFORMANCE,,7.0,11.66
Auvik,AVADDON10,AUVIK_CW_PERFORMANCE,,,
Auvik,AVADDON100,AUVIK_CW_PERFORMANCE,,,
Auvik,AVADDON40,AUVIK_CW_PERFORMANCE,,,
Auvik,,AUVIK_CW_PERFORMANCE,,,
Auvik,,AUVIK_CW_PERFORMANCE,,,
Auvik,,AUVIK_CW_PERFORMANCE,,,
Auvik,,AUVIK_CW_PERFORMANCE,,,
Auvik,,AUVIK_CW_PERFORMANCE,,,
Auvik,,AUVIK_CW_PERFORMANCE,,,
Auvik,,AUVIK_CW_PERFORMANCE,,,
Auvik,,AUVIK_CW_PERFORMANCE,,,
Auvik,,AUVIK_CW_PERFORMANCE,,,
Auvik,,AUVIK_CW_PERFORMANCE,,,
Auvik,,AUVIK_CW_PERFORMANCE,,,
Auvik,,AUVIK_CW_PERFORMANCE,,,
Auvik,,AUVIK_CW_PERFORMANCE,,,
Auvik,,AUVIK_CW_PERFORMANCE,,,
Auvik,,AUVIK_CW_PERFORMANCE,,,
Auvik,,AUVIK_CW_PERFORMANCE,,,
Auvik,,AUVIK_CW_PERFORMANCE,,,
Auvik,,AUVIK_CW_PERFORMANCE,,,
Auvik,,AUVIK_CW_PERFORMANCE,,,
Auvik,,AUVIK_CW_PERFORMANCE,,,
Auvik,,AUVIK_CW_PERFORMANCE,,,
Auvik,,AUVIK_CW_PERFORMANCE,,,
Auvik,,AUVIK_CW_PERFORMANCE,,,
Auvik,,AUVIK_CW_PERFORMANCE,,,
Auvik,,AUVIK_CW_PERFORMANCE,,,
Auvik,,AUVIK_CW_PERFORMANCE,,,
Auvik,,AUVIK_CW_PERFORMANCE,,,
Auvik,,AUVIK_CW_PERFORMANCE,,,
Auvik,,AUVIK_CW_PERFORMANCE,,,
Auvik,,AUVIK_CW_PERFORMANCE,,,
Auvik,,AUVIK_CW_PERFORMANCE,,,
Auvik,,AUVIK_CW_PERFORMANCE,,,
Auvik,,AUVIK_CW_PERFORMANCE,,,
Auvik,,AUVIK_CW_PERFORMANCE,,,
Auvik,,AUVIK_CW_PERFORMANCE,,,
Auvik,,AUVIK_CW_PERFORMANCE,,,
Auvik,,AUVIK_CW_PERFORMANCE,,,
Auvik,,AUVIK_CW_PERFORMANCE,,,
Auvik,,AUVIK_CW_PERFORMANCE,,,
Auvik,,AUVIK_CW_PERFORMANCE,,,
Auvik,,AUVIK_CW_PERFORMANCE,,,
Auvik,,AUVIK_CW_PERFORMANCE,,,
Auvik,,AUVIK_CW_PERFORMANCE,,,
Auvik,,AUVIK_CW_PERFORMANCE,,,
Auvik,,AUVIK_CW_PERFORMANCE,,,
Auvik,,AUVIK_CW_PERFORMANCE,,,
Auvik,,AUVIK_CW_PERFORMANCE,,,
Auvik,,AUVIK_CW_PERFORMANCE,,,
Auvik,,AUVIK_CW_PERFORMANCE,,,
Auvik,,AUVIK_CW_PERFORMANCE,,,
Auvik,,AUVIK_CW_PERFORMANCE,,,
Auvik,,AUVIK_CW_PERFORMANCE,,,
Auvik,,AUVIK_CW_PERFORMANCE,,,
Auvik,,AUVIK_CW_PERFORMANCE,,,
Auvik,,AUVIK_CW_PERFORMANCE,,,
Auvik,,AUVIK_CW_PERFORMANCE,,,
Auvik,,AUVIK_CW_PERFORMANCE,,,
Auvik,,AUVIK_CW_PERFORMANCE,,,
Auvik,,AUVIK_CW_PERFORMANCE,,,
Auvik,,AUVIK_CW_PERFORMANCE,,,
Auvik,,AUVIK_CW_PERFORMANCE,,,
Bitdefender,,ATS,,,
Bitdefender,,ATS_EDR,,,
Bitdefender,,ATS_EDR,,,
Bitdefender,,ATS_EDR,,,
Bitdefender,,ATS_EDR,,,
Bitdefender,,BD_GRAVITYZONE,,,
Bitdefender,,BD_GRAVITYZONE,,,
Bitdefender,,BD_VE_VS,,,
Bitdefender,,EMAIL,,,
Bitdefender,,EMAIL,,,
Bitdefender,,ENCRYPTION,,,
Bitdefender,,ENCRYPTION,,,
Bitdefender,,MOBILE,,,
Bitdefender,,MSP_SECURE,,,
Bitdefender,,MSP_SECURE,,,
Bitdefender,,MSP_SECURE,,,
Bitdefender,,PATCH,,,
Bitdefender,,PHASR,,,
Bitdefender,,XDR,,,
ESET,MSP-ECAT-Y1,AWARENESS_TRAINING,5.63,17.5,22.5
ESET,3PARTYONPREMESETAVLP,ENDPOINT_ANTIVIRUS,,,
ESET,3PARTYONPREMESETEPAV,ENDPOINT_ANTIVIRUS,,,
ESET,3PARTYONPREMESWWEPAV,ENDPOINT_ANTIVIRUS,,,
ESET,EAVB,ENDPOINT_ANTIVIRUS,,,
ESET,EAVBM,ENDPOINT_ANTIVIRUS,,,
ESET,EEA,ENDPOINT_ANTIVIRUS,,,
ESET,LEGACYSKUESETMOLP,ENDPOINT_ANTIVIRUS,,,
ESET,,ENDPOINT_ANTIVIRUS,0.017,,
ESET,DSLP,ENDPOINT_ENCRYPTION_PRO,2.15,1.33,3.3
ESET,,ENDPOINT_ENCRYPTION_PRO,1.33,,
ESET,EES,ENDPOINT_SECURITY,,,
ESET,ITN-EESX,ENDPOINT_SECURITY,,,
ESET,,ENDPOINT_SECURITY,0.03,,
ESET,,FULL_DISK_ENCRYPTION,0.0266,,
ESET,,INSPECT_EDR,0.0313,,
ESET,3PARTYONPREMESETESLP,MAIL_SECURITY,,,
ESET,EXCH,MAIL_SECURITY,,,
ESET,,MAIL_SECURITY,0.017419,,
ESET,,MAIL_SECURITY,0.01,,
ESET,3PARTYONPREMEPPROADV,PROTECT_ADVANCED,,,
ESET,MSP2-PA,PROTECT_ADVANCED,1.26,1.02,4.56
ESET,MSP2-PA-IIT,PROTECT_ADVANCED,,,
ESET,,PROTECT_ADVANCED,0.03575,,
ESET,MSP2-PC,PROTECT_COMPLETE,1.55,1.26,5.61
ESET,MSP2-PC-IIT,PROTECT_COMPLETE,,,
ESET,,PROTECT_COMPLETE,0.044357,,
ESET,MSP2-PEN,PROTECT_ENTERPRISE,2.48,2.2,7.01
ESET,,PROTECT_ENTERPRISE,0.0725,,
ESET,MSP2-PE,PROTECT_ENTRY,0.97,0.79,3.51
ESET,MSP2-PE-IIT,PROTECT_ENTRY,,,
ESET,,PROTECT_ENTRY,0.02753,,
ESET,EEPA,PROTECT_ENTRY_ONPREM,1.49,0.75,1.98
ESET,EEPA-N3-E,PROTECT_ENTRY_ONPREM,,,
ESET,EPA-Y1-GEN,PROTECT_ENTRY_ONPREM,,,
ESET,,PROTECT_ENTRY_ONPREM,0.0286,,
ESET,,SECURE_AUTH,0.0216,,
ESET,3PARTYONPREMESETWFSS,SERVER_SECURITY,,,
ESET,3PARTYONPREMESETWSLP,SERVER_SECURITY,,,
ESET,3PARTYONPREMESWWFSVR,SERVER_SECURITY,,,
ESET,WFS,SERVER_SECURITY,,,
ESET,,SERVER_SECURITY,0.028333,,
Exium,EXIUM_CGW,EX-CGW,22.5,50.0,100.0
Exium,EX-SASE-ESSENTIALS,EX-SASE-ESSENTIALS,5.5,5.5,11.0
Exium,EX-SASE-PRO,EX-SASE-PRO,8.75,8.75,17.5
Exium,EXIUM_SIA,EX-SIA,5.5,,
Exium,EXIUM_SPA,EX-SPA,5.5,,
KeepIT,CU-OTHERCORP900902RS,KEEPIT_CW_ONLY_ADHOC_CHARGE,,,
KeepIT,CMS-3P-UMM-BCDR-SAAS-UNLIMTRT,KEEPIT_CW_ONLY_UNLIMITED_RETENTION,,,
KeepIT,CW-3YPROMO-RETENTION,KEEPIT_CW_ONLY_UNLIMITED_RETENTION,,,
KeepIT,CW-RMM-SB-UNLTD,KEEPIT_CW_ONLY_UNLIMITED_RETENTION,,,
KeepIT,M2M-RMM-SB-UNLTD,KEEPIT_CW_ONLY_UNLIMITED_RETENTION,,0.42,0.77
KeepIT,BB-3Y-PROMO-BUNDLE,KI-AZUR-CSP,,,
KeepIT,BC-3Y-PROMO-AZURE-AD,KI-AZUR-CSP,,,
KeepIT,CMS-3P-UMM-BCDR-SAAS-AZUREADA,KI-AZUR-CSP,,,
KeepIT,CMS-EG-BDR-SOLP-SAAS-SB-AZADV,KI-AZUR-CSP,,,
KeepIT,CU-AZURE-AD-ADV-USER,KI-AZUR-CSP,,,
KeepIT,CW-RMM-SB-AZ-ADV,KI-AZUR-CSP,,,
KeepIT,CWP-3P-UMM-BCDR-SAAS-AZUREADA,KI-AZUR-CSP,,0.0,2.15
KeepIT,M2M-RMM-SB-AZ-ADV,KI-AZUR-CSP,,1.02,1.93
KeepIT,SWO-EG-UMM-SOLP-SAAS-AZADUSRS,KI-AZUR-CSP,,,
KeepIT,SwO-3P-UMM-SOLP-SAAS-AZADUSRS,KI-AZUR-CSP,,1.2531,2.15
KeepIT,BB-3Y-PROMO-BUNDLE,KI-D365-FUL,,,
KeepIT,BC-3Y-PROMO-DYNAMICS,KI-D365-FUL,,,
KeepIT,CMS-3P-UMM-BCDR-SAAS-DYNAMICS,KI-D365-FUL,,,
KeepIT,CU-LIC-SAAS200313MDS,KI-D365-FUL,,,
KeepIT,CW-RMM-SB-DYNMCS,KI-D365-FUL,,,
KeepIT,CWP-3P-UMM-BCDR-SAAS-DYNAMICS,KI-D365-FUL,,,
KeepIT,M2M-RMM-SB-DYNMCS,KI-D365-FUL,,,
KeepIT,M2MLIC-SAAS200313MDS,KI-D365-FUL,,,
KeepIT,SWO-EG-UMM-SOLP-SAAS-DYNMUSER,KI-D365-FUL,,,
KeepIT,SwO-3P-UMM-SOLP-SAAS-DYNMUSER,KI-D365-FUL,,1.2531,2.15
KeepIT,BB-3Y-PROMO-BUNDLE,KI-GOOG-FUL,,,
KeepIT,BC-3Y-PROMO-GOOGLE,KI-GOOG-FUL,,,
KeepIT,CMS-3P-UMM-BCDR-SAAS-GOOGLEWS,KI-GOOG-FUL,,,
KeepIT,CMS-EG-BDR-SOLP-SAAS-RMM-SBGW,KI-GOOG-FUL,,,
KeepIT,CULCSAS200311GSUITP,KI-GOOG-FUL,,,
KeepIT,CW-RMM-SB-GW,KI-GOOG-FUL,,1.02,1.75
KeepIT,CWP-3P-UMM-BCDR-SAAS-GOOGLEWS,KI-GOOG-FUL,,,
KeepIT,M2M-RMM-SB-GW,KI-GOOG-FUL,,1.02,1.93
KeepIT,M2MLCSS200311GSUITP,KI-GOOG-FUL,,,
KeepIT,SWO-EG-UMM-SOLP-SAAS-GOOGLWSP,KI-GOOG-FUL,,,
KeepIT,SwO-3P-UMM-SOLP-SAAS-GOOGLWSP,KI-GOOG-FUL,,1.2531,2.15
KeepIT,BB-3Y-PROMO-BUNDLE,KI-M365-FUL,,,
KeepIT,BC-3Y-PROMO-OFC365UR,KI-M365-FUL,,,
KeepIT,CMS-3P-UMM-BCDR-SAAS-OFC365UR,KI-M365-FUL,,,
KeepIT,CMS-EG-BDR-SOLP-SAAS-RMSBM365,KI-M365-FUL,,,
KeepIT,CULCSAS200310OFFICEP,KI-M365-FUL,,,
KeepIT,CW-RMM-SB-M365,KI-M365-FUL,,1.02,1.75
KeepIT,CWP-3P-UMM-BCDR-SAAS-OFC365UR,KI-M365-FUL,,,
KeepIT,M2M-RMM-SB-M365,KI-M365-FUL,,1.02,1.93
KeepIT,M2MLCSS200310OFFICEP,KI-M365-FUL,,,
KeepIT,SwO-3P-BCDR-SOLP-SAAS-MSSBM365,KI-M365-FUL,,1.02,1.75
KeepIT,BB-3Y-PROMO-BUNDLE,KI-SFDC-FUL,,,
KeepIT,BC-3Y-PROMO-SF-USER,KI-SFDC-FUL,,,
KeepIT,CMS-3P-UMM-BCDR-SAAS-SALESFRC,KI-SFDC-FUL,,,
KeepIT,CMS-EG-BDR-SOLP-SAAS-RMM-SBSF,KI-SFDC-FUL,,,
KeepIT,CULCSAS200312SALESFP,KI-SFDC-FUL,,,
KeepIT,CW-RMM-SB-SF,KI-SFDC-FUL,,,
KeepIT,CWP-3P-UMM-BCDR-SAAS-SALESFRC,KI-SFDC-FUL,,,
KeepIT,M2M-RMM-SB-SF,KI-SFDC-FUL,,1.02,1.93
KeepIT,M2MLCSS200312SALESFP,KI-SFDC-FUL,,,
KeepIT,SWO-EG-UMM-SOLP-SAAS-SF-USERS,KI-SFDC-FUL,,,
KeepIT,SwO-3P-UMM-SOLP-SAAS-SF-USERS,KI-SFDC-FUL,,1.2531,2.15
Proofpoint,CMS-EG-CYBER-SOLP-SAAS-PPESSADV,Advanced,1.6432,,
Proofpoint,CU-PP-ESS-ADV,Advanced,1.6432,1.65,3.1
Proofpoint,M2M-CU-PP-ESS-ADV,Advanced,1.6432,1.65,3.1
Proofpoint,PP-ESS-ADV,Advanced,1.6432,,
Proofpoint,CU-PP-ESS-ADV-PLUS,Advanced +,1.9794,2.05,3.69
Proofpoint,M2M-CU-PP-ESS-ADV-PLUS,Advanced +,1.9794,,
Proofpoint,PP-ESS-ADV-PLUS,Advanced +,1.9794,,
Proofpoint,SWO-EG-CYBR-SOLP-ESS-ADV2,Advanced +,1.9794,,
Proofpoint,SwO-3P-CYBR-SOLP-ESS-ADV2,Advanced +,1.9794,2.05,3.69
Proofpoint,CU-PP-ESS-BEG,Beginner,0.6314,,
Proofpoint,M2M-CU-PP-ESS-BEG,Beginner,0.6314,,
Proofpoint,PP-ESS-BEG,Beginner,0.6314,,
Proofpoint,CU-PP-ESS-BUS,Business,1.1951,1.21,2.18
Proofpoint,M2M-CU-PP-ESS-BUS,Business,1.1951,,
Proofpoint,PP-ESS-BUS,Business,1.1951,,
Proofpoint,CU-PP-ESS-BUS-PLUS,Business +,1.3377,1.34,2.42
Proofpoint,M2M-CU-PP-ESS-BUS-PLUS,Business +,1.3377,,
Proofpoint,PP-ESS-BUS-PLUS,Business +,1.3377,,
Proofpoint,CWP-IH-CYBR-OTHR-SAAS-EMSECADV,OEM,2.04,,
Proofpoint,CWP-IH-CYBR-OTHR-SAAS-EMSECESS,OEM,1.4836,,
Proofpoint,SWO-EG-CYBR-OTHR-SAAS-EMSECADV,OEM,2.04,,
Proofpoint,SWO-EG-CYBR-OTHR-SAAS-EMSECESS,OEM,1.4836,,
Proofpoint,CU-PP-ESS-PRO,Professional,2.3388,2.34,4.22
Proofpoint,M2M-CU-PP-ESS-PRO,Professional,2.3388,,
Proofpoint,PP-ESS-PRO,Professional,2.3388,,
Proofpoint,CU-PP-ESS-PRO-PLUS,Professional +,2.74,2.74,4.94
Proofpoint,M2M-CU-PP-ESS-PRO-PLUS,Professional +,2.74,,
Proofpoint,PP-ESS-PRO-PLUS,Professional +,2.74,,
Proofpoint,SWO-EG-CYBR-SOLP-SAAS-PROFPLUS,Professional +,2.74,,
Proofpoint,SwO-3P-CYBR-SOLP-SAAS-PROFPLUS,Professional +,2.74,2.74,4.94
Proofpoint,CU-PP-ESS-PSAT-A,Security Awareness,0.5495,0.55,0.9
Proofpoint,M2M-CU-PP-ESS-PSAT-A,Security Awareness,0.5495,,
Proofpoint,PP-ESS-PSAT-A,Security Awareness,0.5495,,
SentinelOne,UNMAPPED,CLOUD_FUNNEL,0.3,,
SentinelOne,UNMAPPED,CLOUD_FUNNEL,0.3,,
SentinelOne,CUSERVOTHRFFEPSECPRM,COMPLETE,1.01,,
SentinelOne,CU_S1_COMPLETE_BYOL,COMPLETE,1.01,,
SentinelOne,CWSENTINEL1-COMPLETE,COMPLETE,1.01,,
SentinelOne,SENTINELONE-COMPLETE,COMPLETE,1.01,1.01,3.75
SentinelOne,SwO-3P-CYBR-SOLP-SAAS-S1CMPLET,COMPLETE,1.01,1.01,3.75
SentinelOne,SwO-IH-CYBR-SIEM-SAAS-EPSECADV,COMPLETE,1.01,,
SentinelOne,UNMAPPED,COMPLETE,1.01,,
SentinelOne,UNMAPPED,COMPLETE,1.01,,
SentinelOne,CUSERVOTHER300440PAR,CONTROL,0.72,,
SentinelOne,CUSERVOTHER300450PAR,CONTROL,0.72,,
SentinelOne,CUSERVOTHR300520EPSB,CONTROL,0.72,,
SentinelOne,CWSENTINEL1-CONTROL,CONTROL,0.72,,
SentinelOne,M2MSEROTHR300520EPSB,CONTROL,0.72,,
SentinelOne,SENTINELONE-CONTROL,CONTROL,0.72,0.72,3.2
SentinelOne,SwO-3P-CYBR-SOLP-SAAS-S1CNTROL,CONTROL,0.72,0.69,3.2
SentinelOne,SwO_IH_CYBR_SIEM_SAAS_0520EPSB,CONTROL,0.72,,
SentinelOne,UNMAPPED,CONTROL,0.72,,
SentinelOne,UNMAPPED,CONTROL,0.72,,
SentinelOne,UNMAPPED,CORE,,,
SentinelOne,CU-PM-RT180-ND,DATA_RETENTION_180,0.27,0.27,2.5
SentinelOne,CU-PM-RT30-ND,DATA_RETENTION_30,0.09,0.09,0.75
SentinelOne,CU-PM-RT1Y-ND,DATA_RETENTION_365,0.36,0.36,4.9
SentinelOne,CU-PM-RT90-ND,DATA_RETENTION_90,0.18,0.18,1.5
SentinelOne,UNMAPPED,PURPLE_AI,0.5,,
SentinelOne,UNMAPPED,PURPLE_AI,0.5,,
SentinelOne,SP-RGR-ND,RANGER,0.38,0.38,1.2
SentinelOne,UNMAPPED,RANGER_AD,0.55,,
SentinelOne,UNMAPPED,RANGER_AD,0.55,,
SentinelOne,UNMAPPED,RANGER_INSIGHTS,0.75,,
SentinelOne,UNMAPPED,RANGER_INSIGHTS,0.75,,
SentinelOne,UNMAPPED,THREAT_INTELLIGENCE,0.88,,
SentinelOne,UNMAPPED,WATCHTOWER,0.46,,
SentinelOne,UNMAPPED,XDR_INGEST_14,10.08,,
