SF_ID,BILLING_MONTH,PROOFPOINT_PRODUCT,VENDOR_QTY,MAPPING_SOURCES,MATCHED_ZUORA_SKU,ZUORA_QTY
ACT-00059356,2026-01-01,Basic OEM,1.0000,DYNAMIC_OEM_FAMILY_BRIDGE,CWP-IH-CYBR-OTHR-SAAS-EMSECADV,50.0
ACT-00061482,2026-01-01,Advanced OEM,12.0000,DYNAMIC_OEM_FAMILY_BRIDGE,,
ACT-00065430,2026-01-01,Basic OEM,11400.0000,DYNAMIC_OEM_FAMILY_BRIDGE,CWP-IH-CYBR-OTHR-SAAS-EMSECESS,11400.0
ACT-00086725,2026-01-01,Basic OEM,10.0000,DYNAMIC_OEM_FAMILY_BRIDGE,,
ACT-00133156,2026-01-01,Advanced OEM,57.0000,DYNAMIC_OEM_FAMILY_BRIDGE,CWP-IH-CYBR-OTHR-SAAS-EMSECADV,57.0
ACT-00162628,2026-01-01,Basic OEM,395.0000,SCOPED_ZUORA_VALIDATED_OVERRIDE,CWP-IH-CYBR-OTHR-SAAS-EMSECADV,207.0
ACT-00208029,2026-01-01,Advanced OEM,22.0000,DYNAMIC_OEM_FAMILY_BRIDGE,,
ACT-00208525,2026-01-01,Advanced OEM,32.0000,DYNAMIC_OEM_FAMILY_BRIDGE,CWP-IH-CYBR-OTHR-SAAS-EMSECADV,54.0
ACT-00237872,2026-01-01,Basic OEM,49.0000,DYNAMIC_OEM_FAMILY_BRIDGE,,
ACT-00240125,2026-01-01,Advanced OEM,40.0000,DYNAMIC_OEM_FAMILY_BRIDGE,CWP-IH-CYBR-OTHR-SAAS-EMSECADV,175.0
ACT-00246372,2026-01-01,Basic OEM,11.0000,DYNAMIC_OEM_FAMILY_BRIDGE,,
ACT-00265547,2026-01-01,Advanced OEM,352.0000,DYNAMIC_OEM_FAMILY_BRIDGE,CWP-IH-CYBR-OTHR-SAAS-EMSECADV,452.0
ACT-00286701,2026-01-01,Advanced OEM,63.0000,DYNAMIC_OEM_FAMILY_BRIDGE,CWP-IH-CYBR-OTHR-SAAS-EMSECADV,107.0
ACT-00317747,2026-01-01,Basic OEM,24.0000,DYNAMIC_OEM_FAMILY_BRIDGE,CWP-IH-CYBR-OTHR-SAAS-EMSECADV,25.0
ACT-00358272,2026-01-01,Advanced OEM,9.0000,DYNAMIC_OEM_FAMILY_BRIDGE,CWP-IH-CYBR-OTHR-SAAS-EMSECADV,9.0
ACT-00383495,2026-01-01,Basic OEM,212.0000,DYNAMIC_OEM_FAMILY_BRIDGE,CWP-IH-CYBR-OTHR-SAAS-EMSECESS,415.0
ACT-00413818,2026-01-01,Advanced OEM,137.0000,DYNAMIC_OEM_FAMILY_BRIDGE,CWP-IH-CYBR-OTHR-SAAS-EMSECESS,180.0
ACT-00431997,2026-01-01,Advanced OEM,141.0000,DYNAMIC_OEM_FAMILY_BRIDGE,CWP-IH-CYBR-OTHR-SAAS-EMSECADV,200.0
ACT-00449000,2026-01-01,Advanced OEM,16.0000,DYNAMIC_OEM_FAMILY_BRIDGE,CWP-IH-CYBR-OTHR-SAAS-EMSECESS,60.0
ACT-00449254,2026-01-01,Advanced OEM,1.0000,DYNAMIC_OEM_FAMILY_BRIDGE,CWP-IH-CYBR-OTHR-SAAS-EMSECADV,34.0
ACT-00455419,2026-01-01,Advanced OEM,2.0000,DYNAMIC_OEM_FAMILY_BRIDGE,,
ACT-00052393,2026-02-01,Basic OEM,54.0000,DYNAMIC_OEM_FAMILY_BRIDGE,,
ACT-00059356,2026-02-01,Basic OEM,1.0000,DYNAMIC_OEM_FAMILY_BRIDGE,CWP-IH-CYBR-OTHR-SAAS-EMSECADV,50.0
ACT-00061482,2026-02-01,Advanced OEM,12.0000,DYNAMIC_OEM_FAMILY_BRIDGE,,
ACT-00065430,2026-02-01,Basic OEM,11400.0000,DYNAMIC_OEM_FAMILY_BRIDGE,CWP-IH-CYBR-OTHR-SAAS-EMSECESS,11400.0
ACT-00083139,2026-02-01,Advanced OEM,78.0000,DYNAMIC_OEM_FAMILY_BRIDGE,CWP-IH-CYBR-OTHR-SAAS-EMSECADV,138.0
ACT-00086725,2026-02-01,Basic OEM,10.0000,DYNAMIC_OEM_FAMILY_BRIDGE,,
ACT-00133156,2026-02-01,Advanced OEM,58.0000,DYNAMIC_OEM_FAMILY_BRIDGE,CWP-IH-CYBR-OTHR-SAAS-EMSECADV,96.0
ACT-00156104,2026-02-01,Advanced OEM,5.0000,DYNAMIC_OEM_FAMILY_BRIDGE,CWP-IH-CYBR-OTHR-SAAS-EMSECADV,335.0
ACT-00162628,2026-02-01,Basic OEM,426.0000,SCOPED_ZUORA_VALIDATED_OVERRIDE,CWP-IH-CYBR-OTHR-SAAS-EMSECADV,207.0
ACT-00208029,2026-02-01,Basic OEM,21.0000,DYNAMIC_OEM_FAMILY_BRIDGE,,
ACT-00208525,2026-02-01,Advanced OEM,36.0000,DYNAMIC_OEM_FAMILY_BRIDGE,CWP-IH-CYBR-OTHR-SAAS-EMSECADV,58.0
ACT-00237872,2026-02-01,Basic OEM,49.0000,DYNAMIC_OEM_FAMILY_BRIDGE,,
ACT-00240125,2026-02-01,Advanced OEM,41.0000,DYNAMIC_OEM_FAMILY_BRIDGE,CWP-IH-CYBR-OTHR-SAAS-EMSECADV,175.0
ACT-00246372,2026-02-01,Basic OEM,15.0000,DYNAMIC_OEM_FAMILY_BRIDGE,,
ACT-00265547,2026-02-01,Advanced OEM,362.0000,DYNAMIC_OEM_FAMILY_BRIDGE,CWP-IH-CYBR-OTHR-SAAS-EMSECADV,462.0
ACT-00286701,2026-02-01,Advanced OEM,72.0000,DYNAMIC_OEM_FAMILY_BRIDGE,CWP-IH-CYBR-OTHR-SAAS-EMSECADV,107.0
ACT-00316982,2026-02-01,Advanced OEM,283.0000,DYNAMIC_OEM_FAMILY_BRIDGE,CWP-IH-CYBR-OTHR-SAAS-EMSECADV,250.0
ACT-00317747,2026-02-01,Basic OEM,24.0000,DYNAMIC_OEM_FAMILY_BRIDGE,CWP-IH-CYBR-OTHR-SAAS-EMSECADV,25.0
ACT-00358272,2026-02-01,Advanced OEM,9.0000,DYNAMIC_OEM_FAMILY_BRIDGE,CWP-IH-CYBR-OTHR-SAAS-EMSECADV,9.0
ACT-00383495,2026-02-01,Basic OEM,217.0000,DYNAMIC_OEM_FAMILY_BRIDGE,CWP-IH-CYBR-OTHR-SAAS-EMSECESS,420.0
ACT-00413818,2026-02-01,Basic OEM,138.0000,DYNAMIC_OEM_FAMILY_BRIDGE,CWP-IH-CYBR-OTHR-SAAS-EMSECESS,180.0
ACT-00431997,2026-02-01,Advanced OEM,139.0000,DYNAMIC_OEM_FAMILY_BRIDGE,CWP-IH-CYBR-OTHR-SAAS-EMSECADV,200.0
ACT-00449000,2026-02-01,Advanced OEM,17.0000,DYNAMIC_OEM_FAMILY_BRIDGE,CWP-IH-CYBR-OTHR-SAAS-EMSECESS,60.0
ACT-00449254,2026-02-01,Advanced OEM,1.0000,DYNAMIC_OEM_FAMILY_BRIDGE,CWP-IH-CYBR-OTHR-SAAS-EMSECADV,34.0
ACT-00455419,2026-02-01,Advanced OEM,2.0000,DYNAMIC_OEM_FAMILY_BRIDGE,,
ACT-00459229,2026-02-01,Advanced OEM,1.0000,DYNAMIC_OEM_FAMILY_BRIDGE,CWP-IH-CYBR-OTHR-SAAS-EMSECADV,35.0
ACT-00014442,2026-03-01,Advanced OEM,1.0000,DYNAMIC_OEM_FAMILY_BRIDGE,CWP-IH-CYBR-OTHR-SAAS-EMSECADV,27.0
ACT-00052393,2026-03-01,Basic OEM,55.0000,DYNAMIC_OEM_FAMILY_BRIDGE,,
ACT-00059356,2026-03-01,Basic OEM,1.0000,DYNAMIC_OEM_FAMILY_BRIDGE,CWP-IH-CYBR-OTHR-SAAS-EMSECADV,50.0
ACT-00061482,2026-03-01,Advanced OEM,11.0000,DYNAMIC_OEM_FAMILY_BRIDGE,,
ACT-00065430,2026-03-01,Basic OEM,11400.0000,DYNAMIC_OEM_FAMILY_BRIDGE,CWP-IH-CYBR-OTHR-SAAS-EMSECESS,11400.0
ACT-00083139,2026-03-01,Advanced OEM,86.0000,DYNAMIC_OEM_FAMILY_BRIDGE,CWP-IH-CYBR-OTHR-SAAS-EMSECADV,60.0
ACT-00086725,2026-03-01,Basic OEM,11.0000,DYNAMIC_OEM_FAMILY_BRIDGE,,
ACT-00133156,2026-03-01,Advanced OEM,59.0000,DYNAMIC_OEM_FAMILY_BRIDGE,CWP-IH-CYBR-OTHR-SAAS-EMSECADV,118.0
ACT-00156104,2026-03-01,Advanced OEM,245.0000,DYNAMIC_OEM_FAMILY_BRIDGE,CWP-IH-CYBR-OTHR-SAAS-EMSECADV,335.0
ACT-00162628,2026-03-01,Basic OEM,426.0000,SCOPED_ZUORA_VALIDATED_OVERRIDE,CWP-IH-CYBR-OTHR-SAAS-EMSECADV,207.0
ACT-00208029,2026-03-01,Basic OEM,22.0000,DYNAMIC_OEM_FAMILY_BRIDGE,,
ACT-00208525,2026-03-01,Advanced OEM,38.0000,DYNAMIC_OEM_FAMILY_BRIDGE,CWP-IH-CYBR-OTHR-SAAS-EMSECADV,60.0
ACT-00209208,2026-03-01,Advanced OEM,260.0000,DYNAMIC_OEM_FAMILY_BRIDGE,,
ACT-00237872,2026-03-01,Basic OEM,45.0000,DYNAMIC_OEM_FAMILY_BRIDGE,,
ACT-00240125,2026-03-01,Advanced OEM,41.0000,DYNAMIC_OEM_FAMILY_BRIDGE,CWP-IH-CYBR-OTHR-SAAS-EMSECADV,175.0
ACT-00246372,2026-03-01,Basic OEM,15.0000,DYNAMIC_OEM_FAMILY_BRIDGE,,
ACT-00265547,2026-03-01,Advanced OEM,367.0000,DYNAMIC_OEM_FAMILY_BRIDGE,CWP-IH-CYBR-OTHR-SAAS-EMSECADV,467.0
ACT-00286701,2026-03-01,Advanced OEM,92.0000,DYNAMIC_OEM_FAMILY_BRIDGE,CWP-IH-CYBR-OTHR-SAAS-EMSECADV,107.0
ACT-00286701,2026-03-01,Basic OEM,154.0000,SCOPED_ZUORA_VALIDATED_OVERRIDE,CWP-IH-CYBR-OTHR-SAAS-EMSECADV,107.0
ACT-00298323,2026-03-01,Advanced OEM,3.0000,DYNAMIC_OEM_FAMILY_BRIDGE,,
ACT-00316982,2026-03-01,Advanced OEM,283.0000,DYNAMIC_OEM_FAMILY_BRIDGE,CWP-IH-CYBR-OTHR-SAAS-EMSECADV,533.0
ACT-00317747,2026-03-01,Basic OEM,24.0000,DYNAMIC_OEM_FAMILY_BRIDGE,CWP-IH-CYBR-OTHR-SAAS-EMSECADV,25.0
ACT-00358272,2026-03-01,Advanced OEM,10.0000,DYNAMIC_OEM_FAMILY_BRIDGE,CWP-IH-CYBR-OTHR-SAAS-EMSECADV,19.0
ACT-00383495,2026-03-01,Basic OEM,213.0000,DYNAMIC_OEM_FAMILY_BRIDGE,CWP-IH-CYBR-OTHR-SAAS-EMSECESS,416.0
ACT-00413818,2026-03-01,Basic OEM,136.0000,DYNAMIC_OEM_FAMILY_BRIDGE,CWP-IH-CYBR-OTHR-SAAS-EMSECESS,180.0
ACT-00431997,2026-03-01,Advanced OEM,130.0000,DYNAMIC_OEM_FAMILY_BRIDGE,CWP-IH-CYBR-OTHR-SAAS-EMSECADV,200.0
ACT-00449000,2026-03-01,Advanced OEM,17.0000,DYNAMIC_OEM_FAMILY_BRIDGE,CWP-IH-CYBR-OTHR-SAAS-EMSECESS,60.0
ACT-00449254,2026-03-01,Advanced OEM,1.0000,DYNAMIC_OEM_FAMILY_BRIDGE,CWP-IH-CYBR-OTHR-SAAS-EMSECADV,34.0
ACT-00455419,2026-03-01,Advanced OEM,2.0000,DYNAMIC_OEM_FAMILY_BRIDGE,,
ACT-00459229,2026-03-01,Advanced OEM,1.0000,DYNAMIC_OEM_FAMILY_BRIDGE,CWP-IH-CYBR-OTHR-SAAS-EMSECADV,35.0
ACT-00014442,2026-04-01,Advanced OEM,1.0000,DYNAMIC_OEM_FAMILY_BRIDGE,CWP-IH-CYBR-OTHR-SAAS-EMSECADV,27.0
ACT-00052393,2026-04-01,Basic OEM,54.0000,DYNAMIC_OEM_FAMILY_BRIDGE,,
ACT-00059356,2026-04-01,Basic OEM,1.0000,DYNAMIC_OEM_FAMILY_BRIDGE,CWP-IH-CYBR-OTHR-SAAS-EMSECADV,50.0
ACT-00061482,2026-04-01,Advanced OEM,11.0000,DYNAMIC_OEM_FAMILY_BRIDGE,,
ACT-00065430,2026-04-01,Basic OEM,11400.0000,DYNAMIC_OEM_FAMILY_BRIDGE,CWP-IH-CYBR-OTHR-SAAS-EMSECESS,11400.0
ACT-00083139,2026-04-01,Advanced OEM,151.0000,DYNAMIC_OEM_FAMILY_BRIDGE,CWP-IH-CYBR-OTHR-SAAS-EMSECADV,211.0
ACT-00086725,2026-04-01,Basic OEM,11.0000,DYNAMIC_OEM_FAMILY_BRIDGE,,
ACT-00107433,2026-04-01,Advanced OEM,115.0000,DYNAMIC_OEM_FAMILY_BRIDGE,,
ACT-00133156,2026-04-01,Advanced OEM,59.0000,DYNAMIC_OEM_FAMILY_BRIDGE,CWP-IH-CYBR-OTHR-SAAS-EMSECADV,79.0
ACT-00156104,2026-04-01,Advanced OEM,250.0000,DYNAMIC_OEM_FAMILY_BRIDGE,CWP-IH-CYBR-OTHR-SAAS-EMSECADV,335.0
ACT-00162628,2026-04-01,Basic OEM,430.0000,SCOPED_ZUORA_VALIDATED_OVERRIDE,CWP-IH-CYBR-OTHR-SAAS-EMSECADV,207.0
ACT-00172679,2026-04-01,Advanced OEM,3.0000,DYNAMIC_OEM_FAMILY_BRIDGE,,
ACT-00192264,2026-04-01,Advanced OEM,6.0000,DYNAMIC_OEM_FAMILY_BRIDGE,CWP-IH-CYBR-OTHR-SAAS-EMSECADV,458.0
ACT-00208029,2026-04-01,Basic OEM,22.0000,DYNAMIC_OEM_FAMILY_BRIDGE,,
ACT-00208525,2026-04-01,Advanced OEM,38.0000,DYNAMIC_OEM_FAMILY_BRIDGE,CWP-IH-CYBR-OTHR-SAAS-EMSECADV,60.0
ACT-00209208,2026-04-01,Basic OEM,254.0000,DYNAMIC_OEM_FAMILY_BRIDGE,,
ACT-00237872,2026-04-01,Basic OEM,44.0000,DYNAMIC_OEM_FAMILY_BRIDGE,,
ACT-00240125,2026-04-01,Advanced OEM | Basic OEM,122.0000,DYNAMIC_OEM_FAMILY_BRIDGE,CWP-IH-CYBR-OTHR-SAAS-EMSECADV,175.0
ACT-00265547,2026-04-01,Advanced OEM,375.0000,DYNAMIC_OEM_FAMILY_BRIDGE,CWP-IH-CYBR-OTHR-SAAS-EMSECADV,475.0
ACT-00286701,2026-04-01,Advanced OEM,105.0000,DYNAMIC_OEM_FAMILY_BRIDGE,CWP-IH-CYBR-OTHR-SAAS-EMSECADV,107.0
ACT-00286701,2026-04-01,Basic OEM,161.0000,SCOPED_ZUORA_VALIDATED_OVERRIDE,CWP-IH-CYBR-OTHR-SAAS-EMSECADV,107.0
ACT-00298323,2026-04-01,Advanced OEM,3.0000,DYNAMIC_OEM_FAMILY_BRIDGE,,
ACT-00316982,2026-04-01,Advanced OEM,134.0000,DYNAMIC_OEM_FAMILY_BRIDGE,CWP-IH-CYBR-OTHR-SAAS-EMSECADV,250.0
ACT-00317747,2026-04-01,Basic OEM,24.0000,DYNAMIC_OEM_FAMILY_BRIDGE,CWP-IH-CYBR-OTHR-SAAS-EMSECADV,25.0
ACT-00358272,2026-04-01,Advanced OEM,10.0000,DYNAMIC_OEM_FAMILY_BRIDGE,CWP-IH-CYBR-OTHR-SAAS-EMSECADV,19.0
ACT-00383495,2026-04-01,Basic OEM,216.0000,DYNAMIC_OEM_FAMILY_BRIDGE,CWP-IH-CYBR-OTHR-SAAS-EMSECESS,419.0
ACT-00413818,2026-04-01,Basic OEM,138.0000,DYNAMIC_OEM_FAMILY_BRIDGE,CWP-IH-CYBR-OTHR-SAAS-EMSECESS,180.0
ACT-00431740,2026-04-01,Basic OEM,468.0000,DYNAMIC_OEM_FAMILY_BRIDGE,CWP-IH-CYBR-OTHR-SAAS-EMSECESS,878.0
ACT-00431997,2026-04-01,Advanced OEM,129.0000,DYNAMIC_OEM_FAMILY_BRIDGE,CWP-IH-CYBR-OTHR-SAAS-EMSECADV,200.0
ACT-00449000,2026-04-01,Advanced OEM,17.0000,DYNAMIC_OEM_FAMILY_BRIDGE,CWP-IH-CYBR-OTHR-SAAS-EMSECESS,60.0
ACT-00449254,2026-04-01,Advanced OEM,1.0000,DYNAMIC_OEM_FAMILY_BRIDGE,CWP-IH-CYBR-OTHR-SAAS-EMSECADV,34.0
ACT-00455419,2026-04-01,Advanced OEM,2.0000,DYNAMIC_OEM_FAMILY_BRIDGE,,
ACT-00459229,2026-04-01,Advanced OEM,1.0000,DYNAMIC_OEM_FAMILY_BRIDGE,CWP-IH-CYBR-OTHR-SAAS-EMSECADV,35.0
ACT-00014442,2026-05-01,Advanced OEM,1.0000,DYNAMIC_OEM_FAMILY_BRIDGE,CWP-IH-CYBR-OTHR-SAAS-EMSECADV,27.0
ACT-00019714,2026-05-01,Basic OEM,192.0000,DYNAMIC_OEM_FAMILY_BRIDGE,CWP-IH-CYBR-OTHR-SAAS-EMSECESS,200.0
ACT-00052393,2026-05-01,Basic OEM,54.0000,DYNAMIC_OEM_FAMILY_BRIDGE,,
ACT-00059356,2026-05-01,Basic OEM,1.0000,DYNAMIC_OEM_FAMILY_BRIDGE,CWP-IH-CYBR-OTHR-SAAS-EMSECADV,50.0
ACT-00061482,2026-05-01,Advanced OEM,10.0000,DYNAMIC_OEM_FAMILY_BRIDGE,,
ACT-00065430,2026-05-01,Basic OEM,11400.0000,DYNAMIC_OEM_FAMILY_BRIDGE,CWP-IH-CYBR-OTHR-SAAS-EMSECESS,11400.0
ACT-00083139,2026-05-01,Advanced OEM,226.0000,DYNAMIC_OEM_FAMILY_BRIDGE,CWP-IH-CYBR-OTHR-SAAS-EMSECADV,286.0
ACT-00086725,2026-05-01,Basic OEM,11.0000,DYNAMIC_OEM_FAMILY_BRIDGE,,
ACT-00090363,2026-05-01,Advanced OEM,26.0000,DYNAMIC_OEM_FAMILY_BRIDGE,CWP-IH-CYBR-OTHR-SAAS-EMSECADV,30.0
ACT-00107433,2026-05-01,Advanced OEM,108.0000,DYNAMIC_OEM_FAMILY_BRIDGE,,
ACT-00108589,2026-05-01,Basic OEM,271.0000,DYNAMIC_OEM_FAMILY_BRIDGE,CWP-IH-CYBR-OTHR-SAAS-EMSECESS,376.0
ACT-00118482,2026-05-01,Advanced OEM,222.0000,DYNAMIC_OEM_FAMILY_BRIDGE,CWP-IH-CYBR-OTHR-SAAS-EMSECADV,225.0
ACT-00133156,2026-05-01,Advanced OEM,59.0000,DYNAMIC_OEM_FAMILY_BRIDGE,CWP-IH-CYBR-OTHR-SAAS-EMSECADV,79.0
ACT-00156104,2026-05-01,Advanced OEM,255.0000,DYNAMIC_OEM_FAMILY_BRIDGE,CWP-IH-CYBR-OTHR-SAAS-EMSECADV,335.0
ACT-00162628,2026-05-01,Basic OEM,430.0000,SCOPED_ZUORA_VALIDATED_OVERRIDE,CWP-IH-CYBR-OTHR-SAAS-EMSECADV,207.0
ACT-00172679,2026-05-01,Advanced OEM,5.0000,DYNAMIC_OEM_FAMILY_BRIDGE,,
ACT-00192264,2026-05-01,Advanced OEM | Basic OEM,27.0000,DYNAMIC_OEM_FAMILY_BRIDGE,CWP-IH-CYBR-OTHR-SAAS-EMSECADV,458.0
ACT-00208029,2026-05-01,Basic OEM,22.0000,DYNAMIC_OEM_FAMILY_BRIDGE,,
ACT-00208525,2026-05-01,Advanced OEM,39.0000,DYNAMIC_OEM_FAMILY_BRIDGE,CWP-IH-CYBR-OTHR-SAAS-EMSECADV,61.0
ACT-00232225,2026-05-01,Basic OEM,1.0000,DYNAMIC_OEM_FAMILY_BRIDGE,CWP-IH-CYBR-OTHR-SAAS-EMSECESS,50.0
ACT-00240125,2026-05-01,Advanced OEM | Basic OEM,118.0000,DYNAMIC_OEM_FAMILY_BRIDGE,CWP-IH-CYBR-OTHR-SAAS-EMSECADV,175.0
ACT-00265547,2026-05-01,Advanced OEM,378.0000,DYNAMIC_OEM_FAMILY_BRIDGE,CWP-IH-CYBR-OTHR-SAAS-EMSECADV,478.0
ACT-00286701,2026-05-01,Advanced OEM,144.0000,DYNAMIC_OEM_FAMILY_BRIDGE,CWP-IH-CYBR-OTHR-SAAS-EMSECADV,251.0
ACT-00286701,2026-05-01,Basic OEM,157.0000,SCOPED_ZUORA_VALIDATED_OVERRIDE,CWP-IH-CYBR-OTHR-SAAS-EMSECADV,251.0
ACT-00298323,2026-05-01,Advanced OEM,3.0000,DYNAMIC_OEM_FAMILY_BRIDGE,,
ACT-00316982,2026-05-01,Advanced OEM,137.0000,DYNAMIC_OEM_FAMILY_BRIDGE,CWP-IH-CYBR-OTHR-SAAS-EMSECADV,250.0
ACT-00317747,2026-05-01,Basic OEM,24.0000,DYNAMIC_OEM_FAMILY_BRIDGE,CWP-IH-CYBR-OTHR-SAAS-EMSECADV,25.0
ACT-00358272,2026-05-01,Advanced OEM,10.0000,DYNAMIC_OEM_FAMILY_BRIDGE,CWP-IH-CYBR-OTHR-SAAS-EMSECADV,19.0
ACT-00383495,2026-05-01,Basic OEM,273.0000,DYNAMIC_OEM_FAMILY_BRIDGE,CWP-IH-CYBR-OTHR-SAAS-EMSECESS,476.0
ACT-00413818,2026-05-01,Basic OEM,134.0000,DYNAMIC_OEM_FAMILY_BRIDGE,CWP-IH-CYBR-OTHR-SAAS-EMSECESS,180.0
ACT-00431740,2026-05-01,Basic OEM,484.0000,DYNAMIC_OEM_FAMILY_BRIDGE,CWP-IH-CYBR-OTHR-SAAS-EMSECESS,894.0
ACT-00431997,2026-05-01,Advanced OEM,130.0000,DYNAMIC_OEM_FAMILY_BRIDGE,CWP-IH-CYBR-OTHR-SAAS-EMSECADV,200.0
ACT-00449000,2026-05-01,Advanced OEM,17.0000,DYNAMIC_OEM_FAMILY_BRIDGE,CWP-IH-CYBR-OTHR-SAAS-EMSECESS,60.0
ACT-00449254,2026-05-01,Advanced OEM,1.0000,DYNAMIC_OEM_FAMILY_BRIDGE,CWP-IH-CYBR-OTHR-SAAS-EMSECADV,34.0
ACT-00451313,2026-05-01,Advanced OEM,64.0000,DYNAMIC_OEM_FAMILY_BRIDGE,CWP-IH-CYBR-OTHR-SAAS-EMSECADV,66.0
ACT-00455419,2026-05-01,Advanced OEM,218.0000,DYNAMIC_OEM_FAMILY_BRIDGE,CWP-IH-CYBR-OTHR-SAAS-EMSECADV,350.0
ACT-00459229,2026-05-01,Advanced OEM,1.0000,DYNAMIC_OEM_FAMILY_BRIDGE,CWP-IH-CYBR-OTHR-SAAS-EMSECADV,35.0
ACT-00014442,2026-06-01,Advanced OEM,1.0000,DYNAMIC_OEM_FAMILY_BRIDGE,CWP-IH-CYBR-OTHR-SAAS-EMSECADV,27.0
ACT-00019714,2026-06-01,Basic OEM,197.0000,DYNAMIC_OEM_FAMILY_BRIDGE,CWP-IH-CYBR-OTHR-SAAS-EMSECESS,200.0
ACT-00050812,2026-06-01,Basic OEM,245.0000,DYNAMIC_OEM_FAMILY_BRIDGE,CWP-IH-CYBR-OTHR-SAAS-EMSECESS,350.0
ACT-00052393,2026-06-01,Basic OEM,55.0000,DYNAMIC_OEM_FAMILY_BRIDGE,,
ACT-00057478,2026-06-01,Advanced OEM,307.0000,DYNAMIC_OEM_FAMILY_BRIDGE,,
ACT-00059356,2026-06-01,Basic OEM,1.0000,DYNAMIC_OEM_FAMILY_BRIDGE,CWP-IH-CYBR-OTHR-SAAS-EMSECADV,50.0
ACT-00061482,2026-06-01,Advanced OEM,12.0000,DYNAMIC_OEM_FAMILY_BRIDGE,,
ACT-00065430,2026-06-01,Basic OEM,11400.0000,DYNAMIC_OEM_FAMILY_BRIDGE,CWP-IH-CYBR-OTHR-SAAS-EMSECESS,11400.0
ACT-00083139,2026-06-01,Advanced OEM,374.0000,DYNAMIC_OEM_FAMILY_BRIDGE,CWP-IH-CYBR-OTHR-SAAS-EMSECADV,434.0
ACT-00086725,2026-06-01,Basic OEM,11.0000,DYNAMIC_OEM_FAMILY_BRIDGE,,
ACT-00090363,2026-06-01,Advanced OEM,26.0000,DYNAMIC_OEM_FAMILY_BRIDGE,CWP-IH-CYBR-OTHR-SAAS-EMSECADV,30.0
ACT-00107433,2026-06-01,Advanced OEM,173.0000,DYNAMIC_OEM_FAMILY_BRIDGE,,
ACT-00108589,2026-06-01,Basic OEM,268.0000,DYNAMIC_OEM_FAMILY_BRIDGE,CWP-IH-CYBR-OTHR-SAAS-EMSECESS,376.0
ACT-00118482,2026-06-01,Advanced OEM,223.0000,DYNAMIC_OEM_FAMILY_BRIDGE,CWP-IH-CYBR-OTHR-SAAS-EMSECADV,225.0
ACT-00133156,2026-06-01,Advanced OEM,59.0000,DYNAMIC_OEM_FAMILY_BRIDGE,CWP-IH-CYBR-OTHR-SAAS-EMSECADV,79.0
ACT-00156104,2026-06-01,Advanced OEM,247.0000,DYNAMIC_OEM_FAMILY_BRIDGE,CWP-IH-CYBR-OTHR-SAAS-EMSECADV,335.0
ACT-00162628,2026-06-01,Basic OEM,433.0000,SCOPED_ZUORA_VALIDATED_OVERRIDE,CWP-IH-CYBR-OTHR-SAAS-EMSECADV,207.0
ACT-00170291,2026-06-01,Basic OEM,37.0000,DYNAMIC_OEM_FAMILY_BRIDGE,,
ACT-00172679,2026-06-01,Advanced OEM,8.0000,DYNAMIC_OEM_FAMILY_BRIDGE,,
ACT-00192264,2026-06-01,Advanced OEM | Basic OEM,258.0000,DYNAMIC_OEM_FAMILY_BRIDGE,CWP-IH-CYBR-OTHR-SAAS-EMSECADV,458.0
ACT-00208029,2026-06-01,Basic OEM,22.0000,DYNAMIC_OEM_FAMILY_BRIDGE,,
ACT-00208346,2026-06-01,Basic OEM,1.0000,DYNAMIC_OEM_FAMILY_BRIDGE,,
ACT-00208525,2026-06-01,Advanced OEM,47.0000,DYNAMIC_OEM_FAMILY_BRIDGE,CWP-IH-CYBR-OTHR-SAAS-EMSECADV,69.0
ACT-00232225,2026-06-01,Basic OEM,1.0000,DYNAMIC_OEM_FAMILY_BRIDGE,CWP-IH-CYBR-OTHR-SAAS-EMSECESS,50.0
ACT-00240125,2026-06-01,Advanced OEM | Basic OEM,117.0000,DYNAMIC_OEM_FAMILY_BRIDGE,CWP-IH-CYBR-OTHR-SAAS-EMSECADV,175.0
ACT-00253103,2026-06-01,Advanced OEM,4.0000,DYNAMIC_OEM_FAMILY_BRIDGE,CWP-IH-CYBR-OTHR-SAAS-EMSECADV,80.0
ACT-00259387,2026-06-01,Advanced OEM,1.0000,DYNAMIC_OEM_FAMILY_BRIDGE,,
ACT-00265547,2026-06-01,Advanced OEM,389.0000,DYNAMIC_OEM_FAMILY_BRIDGE,CWP-IH-CYBR-OTHR-SAAS-EMSECADV,489.0
ACT-00286701,2026-06-01,Advanced OEM,144.0000,DYNAMIC_OEM_FAMILY_BRIDGE,CWP-IH-CYBR-OTHR-SAAS-EMSECADV,425.0
ACT-00286701,2026-06-01,Basic OEM,378.0000,SCOPED_ZUORA_VALIDATED_OVERRIDE,CWP-IH-CYBR-OTHR-SAAS-EMSECADV,425.0
ACT-00288641,2026-06-01,Advanced OEM,18.0000,DYNAMIC_OEM_FAMILY_BRIDGE,CWP-IH-CYBR-OTHR-SAAS-EMSECADV,27.0
ACT-00294748,2026-06-01,Advanced OEM,70.0000,DYNAMIC_OEM_FAMILY_BRIDGE,CWP-IH-CYBR-OTHR-SAAS-EMSECADV,100.0
ACT-00298323,2026-06-01,Advanced OEM,3.0000,DYNAMIC_OEM_FAMILY_BRIDGE,,
ACT-00336835,2026-06-01,Basic OEM,201.0000,DYNAMIC_OEM_FAMILY_BRIDGE,,
ACT-00358272,2026-06-01,Advanced OEM,10.0000,DYNAMIC_OEM_FAMILY_BRIDGE,CWP-IH-CYBR-OTHR-SAAS-EMSECADV,19.0
ACT-00383495,2026-06-01,Basic OEM,279.0000,DYNAMIC_OEM_FAMILY_BRIDGE,CWP-IH-CYBR-OTHR-SAAS-EMSECESS,482.0
ACT-00413818,2026-06-01,Basic OEM,134.0000,DYNAMIC_OEM_FAMILY_BRIDGE,CWP-IH-CYBR-OTHR-SAAS-EMSECESS,180.0
ACT-00431740,2026-06-01,Basic OEM,521.0000,DYNAMIC_OEM_FAMILY_BRIDGE,CWP-IH-CYBR-OTHR-SAAS-EMSECESS,931.0
ACT-00431997,2026-06-01,Advanced OEM,136.0000,DYNAMIC_OEM_FAMILY_BRIDGE,CWP-IH-CYBR-OTHR-SAAS-EMSECADV,200.0
ACT-00449000,2026-06-01,Advanced OEM,17.0000,DYNAMIC_OEM_FAMILY_BRIDGE,CWP-IH-CYBR-OTHR-SAAS-EMSECESS,60.0
ACT-00449254,2026-06-01,Advanced OEM,1.0000,DYNAMIC_OEM_FAMILY_BRIDGE,CWP-IH-CYBR-OTHR-SAAS-EMSECADV,34.0
ACT-00451313,2026-06-01,Advanced OEM,64.0000,DYNAMIC_OEM_FAMILY_BRIDGE,CWP-IH-CYBR-OTHR-SAAS-EMSECADV,66.0
ACT-00455419,2026-06-01,Advanced OEM,232.0000,DYNAMIC_OEM_FAMILY_BRIDGE,CWP-IH-CYBR-OTHR-SAAS-EMSECADV,350.0
ACT-00459229,2026-06-01,Advanced OEM,1.0000,DYNAMIC_OEM_FAMILY_BRIDGE,CWP-IH-CYBR-OTHR-SAAS-EMSECADV,35.0
